"speaker","word","target_child_age_months","speech_act","count","total","rel_freq","ppt"
"child","and",14,"declarative",1,5553,0.000180082838105529,0.180082838105529
"child","and",15,"declarative",3,8180,0.000366748166259169,0.366748166259169
"child","and",16,"declarative",5,11466,0.000436071864643293,0.436071864643293
"child","and",17,"declarative",11,13579,0.000810074379556668,0.810074379556668
"child","and",17,"other",3,944,0.00317796610169492,3.17796610169492
"child","and",17,"question",4,865,0.0046242774566474,4.6242774566474
"child","and",18,"declarative",54,22103,0.00244310727050627,2.44310727050627
"child","and",18,"question",1,1433,0.000697836706210747,0.697836706210747
"child","and",19,"declarative",37,26668,0.00138743062846858,1.38743062846858
"child","and",19,"imperative",1,712,0.00140449438202247,1.40449438202247
"child","and",19,"other",4,730,0.00547945205479452,5.47945205479452
"child","and",19,"question",1,2164,0.000462107208872458,0.462107208872458
"child","and",20,"declarative",111,29533,0.0037585074323638,3.7585074323638
"child","and",20,"imperative",4,1441,0.00277585010409438,2.77585010409438
"child","and",20,"other",15,258,0.0581395348837209,58.1395348837209
"child","and",20,"question",3,4248,0.000706214689265537,0.706214689265537
"child","and",21,"declarative",311,40620,0.00765632693254554,7.65632693254554
"child","and",21,"imperative",6,891,0.00673400673400673,6.73400673400673
"child","and",21,"other",24,1063,0.0225776105362183,22.5776105362183
"child","and",21,"question",17,5344,0.0031811377245509,3.1811377245509
"child","and",22,"declarative",293,41565,0.00704920004811741,7.04920004811741
"child","and",22,"imperative",6,547,0.0109689213893967,10.9689213893967
"child","and",22,"other",24,1067,0.0224929709465792,22.4929709465792
"child","and",22,"question",10,6507,0.00153680651605963,1.53680651605963
"child","and",23,"declarative",679,66580,0.0101982577350556,10.1982577350556
"child","and",23,"imperative",10,1280,0.0078125,7.8125
"child","and",23,"other",19,982,0.0193482688391039,19.3482688391039
"child","and",23,"question",16,8829,0.0018122097632801,1.8122097632801
"child","and",24,"declarative",999,153899,0.00649127024866958,6.49127024866958
"child","and",24,"imperative",11,3927,0.00280112044817927,2.80112044817927
"child","and",24,"other",76,3210,0.0236760124610592,23.6760124610592
"child","and",24,"question",62,23308,0.00266003089068131,2.66003089068131
"child","and",25,"declarative",979,125936,0.00777378986151696,7.77378986151696
"child","and",25,"imperative",12,2504,0.00479233226837061,4.79233226837061
"child","and",25,"other",57,2708,0.0210487444608567,21.0487444608567
"child","and",25,"question",56,15047,0.00372167209410514,3.72167209410514
"child","and",26,"declarative",1368,131345,0.0104153184361795,10.4153184361795
"child","and",26,"imperative",15,2852,0.00525946704067321,5.25946704067321
"child","and",26,"other",65,2675,0.0242990654205607,24.2990654205607
"child","and",26,"question",117,15312,0.007641065830721,7.641065830721
"child","and",27,"declarative",1897,141580,0.0133987851391439,13.3987851391439
"child","and",27,"imperative",49,2846,0.0172171468728039,17.2171468728039
"child","and",27,"other",120,2902,0.0413507925568573,41.3507925568573
"child","and",27,"question",178,16578,0.0107371214863072,10.7371214863072
"child","and",28,"declarative",2005,149654,0.0133975703957128,13.3975703957128
"child","and",28,"imperative",43,3452,0.0124565469293163,12.4565469293163
"child","and",28,"other",193,4023,0.0479741486452896,47.9741486452896
"child","and",28,"question",493,20431,0.0241299985316431,24.1299985316431
"child","and",29,"declarative",2798,181631,0.0154048593026521,15.4048593026521
"child","and",29,"imperative",57,4341,0.0131306150656531,13.1306150656531
"child","and",29,"other",309,6864,0.0450174825174825,45.0174825174825
"child","and",29,"question",340,25211,0.0134861766689144,13.4861766689144
"child","and",30,"declarative",2501,175255,0.0142706342187099,14.2706342187099
"child","and",30,"imperative",59,5331,0.0110673419621084,11.0673419621084
"child","and",30,"other",236,6489,0.0363692402527354,36.3692402527354
"child","and",30,"question",232,27321,0.00849163647011456,8.49163647011456
"child","and",31,"declarative",3486,178563,0.0195225214630131,19.5225214630131
"child","and",31,"imperative",74,3900,0.018974358974359,18.974358974359
"child","and",31,"other",324,6026,0.0537670096249585,53.7670096249585
"child","and",31,"question",318,31088,0.0102290272774061,10.2290272774061
"child","and",32,"declarative",2928,158618,0.0184594434427366,18.4594434427366
"child","and",32,"imperative",43,3384,0.0127068557919622,12.7068557919622
"child","and",32,"other",194,4464,0.0434587813620072,43.4587813620072
"child","and",32,"question",315,29951,0.0105171780574939,10.5171780574939
"child","and",33,"declarative",2504,164090,0.0152599183374977,15.2599183374977
"child","and",33,"imperative",65,3350,0.0194029850746269,19.4029850746269
"child","and",33,"other",216,5732,0.0376831821353803,37.6831821353803
"child","and",33,"question",298,31775,0.00937844217151849,9.37844217151849
"child","and",34,"declarative",2707,161716,0.0167392218457048,16.7392218457048
"child","and",34,"imperative",49,3818,0.0128339444735464,12.8339444735464
"child","and",34,"other",220,7279,0.0302239318587718,30.2239318587718
"child","and",34,"question",298,32496,0.00917035942885278,9.17035942885278
"child","and",35,"declarative",2510,132415,0.0189555563946683,18.9555563946683
"child","and",35,"imperative",49,2475,0.0197979797979798,19.7979797979798
"child","and",35,"other",228,5596,0.0407433881343817,40.7433881343817
"child","and",35,"question",203,25307,0.00802149602876674,8.02149602876674
"child","and",36,"declarative",4786,244646,0.0195629603590494,19.5629603590494
"child","and",36,"imperative",99,5223,0.0189546237794371,18.9546237794371
"child","and",36,"other",495,13302,0.037212449255751,37.212449255751
"child","and",36,"question",550,59376,0.00926300188628402,9.26300188628402
"child","and",37,"declarative",2039,104864,0.0194442325297528,19.4442325297528
"child","and",37,"imperative",56,1974,0.0283687943262411,28.3687943262411
"child","and",37,"other",188,4186,0.0449116101290014,44.9116101290014
"child","and",37,"question",169,20094,0.00841047078729969,8.41047078729969
"child","and",38,"declarative",1618,77303,0.0209306236497937,20.9306236497937
"child","and",38,"imperative",44,1498,0.0293724966622163,29.3724966622163
"child","and",38,"other",153,3342,0.0457809694793537,45.7809694793537
"child","and",38,"question",157,17023,0.00922281618986078,9.22281618986078
"child","and",39,"declarative",1620,77842,0.0208113871688806,20.8113871688806
"child","and",39,"imperative",12,1131,0.0106100795755968,10.6100795755968
"child","and",39,"other",171,3917,0.0436558590758233,43.6558590758233
"child","and",39,"question",109,15929,0.00684286521438885,6.84286521438885
"child","and",40,"declarative",1371,57056,0.0240290241166573,24.0290241166573
"child","and",40,"imperative",28,1038,0.0269749518304432,26.9749518304432
"child","and",40,"other",171,2397,0.0713391739674593,71.3391739674593
"child","and",40,"question",161,13867,0.0116102978293791,11.6102978293791
"child","and",41,"declarative",1143,49226,0.023219436882948,23.219436882948
"child","and",41,"imperative",20,835,0.0239520958083832,23.9520958083832
"child","and",41,"other",77,3790,0.0203166226912929,20.3166226912929
"child","and",41,"question",97,10688,0.00907559880239521,9.07559880239521
"child","and",42,"declarative",1078,49088,0.0219605606258149,21.9605606258149
"child","and",42,"imperative",16,975,0.0164102564102564,16.4102564102564
"child","and",42,"other",91,2034,0.0447394296951819,44.7394296951819
"child","and",42,"question",124,9694,0.01279141737157,12.79141737157
"child","and",43,"declarative",981,42246,0.0232211333617384,23.2211333617384
"child","and",43,"imperative",32,1229,0.0260374288039056,26.0374288039056
"child","and",43,"other",100,3004,0.033288948069241,33.288948069241
"child","and",43,"question",121,8848,0.0136754068716094,13.6754068716094
"child","and",44,"declarative",1120,46551,0.0240596335202251,24.0596335202251
"child","and",44,"imperative",54,1776,0.0304054054054054,30.4054054054054
"child","and",44,"other",110,2035,0.0540540540540541,54.0540540540541
"child","and",44,"question",145,10873,0.0133357858916582,13.3357858916582
"child","and",45,"declarative",976,46274,0.0210917577905519,21.0917577905519
"child","and",45,"imperative",42,2662,0.0157776108189331,15.7776108189331
"child","and",45,"other",75,1560,0.0480769230769231,48.0769230769231
"child","and",45,"question",110,9963,0.0110408511492522,11.0408511492522
"child","and",46,"declarative",1002,43985,0.0227804933500057,22.7804933500057
"child","and",46,"imperative",50,2209,0.0226346763241286,22.6346763241286
"child","and",46,"other",97,2339,0.0414707139803335,41.4707139803335
"child","and",46,"question",82,7872,0.0104166666666667,10.4166666666667
"child","and",47,"declarative",718,34317,0.020922574817146,20.922574817146
"child","and",47,"imperative",16,938,0.0170575692963753,17.0575692963753
"child","and",47,"other",63,1264,0.0498417721518987,49.8417721518987
"child","and",47,"question",61,7683,0.0079396069243785,7.9396069243785
"child","and",48,"declarative",1266,45724,0.0276878663284052,27.6878663284052
"child","and",48,"imperative",40,2034,0.0196656833824975,19.6656833824975
"child","and",48,"other",155,2396,0.0646911519198664,64.6911519198664
"child","and",48,"question",92,8643,0.0106444521578156,10.6444521578156
"child","and",49,"declarative",709,33515,0.0211547068476801,21.1547068476801
"child","and",49,"imperative",19,692,0.0274566473988439,27.4566473988439
"child","and",49,"other",52,1280,0.040625,40.625
"child","and",49,"question",72,7110,0.010126582278481,10.126582278481
"child","and",50,"declarative",935,37977,0.0246201648366116,24.6201648366116
"child","and",50,"imperative",29,1358,0.0213549337260677,21.3549337260677
"child","and",50,"other",106,2081,0.0509370494954349,50.9370494954349
"child","and",50,"question",101,7933,0.0127316273793017,12.7316273793017
"child","and",51,"declarative",686,33130,0.0207063084817386,20.7063084817386
"child","and",51,"imperative",25,1340,0.0186567164179104,18.6567164179104
"child","and",51,"other",53,1433,0.0369853454291696,36.9853454291696
"child","and",51,"question",81,6560,0.0123475609756098,12.3475609756098
"child","and",52,"declarative",897,37450,0.0239519359145527,23.9519359145527
"child","and",52,"imperative",23,904,0.0254424778761062,25.4424778761062
"child","and",52,"other",92,1458,0.0631001371742112,63.1001371742112
"child","and",52,"question",85,7241,0.0117387101229112,11.7387101229112
"child","and",53,"declarative",482,24572,0.0196158228878398,19.6158228878398
"child","and",53,"imperative",12,836,0.0143540669856459,14.3540669856459
"child","and",53,"other",36,1229,0.0292921074043938,29.2921074043938
"child","and",53,"question",41,5019,0.00816895795975294,8.16895795975294
"child","and",54,"declarative",550,30409,0.0180867506330363,18.0867506330363
"child","and",54,"imperative",34,2414,0.0140845070422535,14.0845070422535
"child","and",54,"other",57,1832,0.0311135371179039,31.1135371179039
"child","and",54,"question",93,8870,0.0104847801578354,10.4847801578354
"child","and",55,"declarative",579,27509,0.0210476571303937,21.0476571303937
"child","and",55,"imperative",9,1054,0.00853889943074004,8.53889943074004
"child","and",55,"other",54,1424,0.0379213483146067,37.9213483146067
"child","and",55,"question",78,6871,0.0113520593800029,11.3520593800029
"child","and",56,"declarative",762,27122,0.0280952732099403,28.0952732099403
"child","and",56,"imperative",13,977,0.0133060388945752,13.3060388945752
"child","and",56,"other",49,930,0.0526881720430108,52.6881720430108
"child","and",56,"question",46,5051,0.00910710750346466,9.10710750346466
"child","and",57,"declarative",4075,235919,0.0172728775554322,17.2728775554322
"child","and",57,"imperative",262,20867,0.0125557099726841,12.5557099726841
"child","and",57,"other",819,21592,0.0379307150796591,37.9307150796591
"child","and",57,"question",603,63073,0.00956035070473895,9.56035070473895
"child","and",58,"declarative",636,30409,0.0209148607320201,20.9148607320201
"child","and",58,"imperative",7,716,0.00977653631284916,9.77653631284916
"child","and",58,"other",76,1470,0.0517006802721088,51.7006802721088
"child","and",58,"question",68,5723,0.0118818801327975,11.8818801327975
"child","and",59,"declarative",692,29214,0.023687273225166,23.687273225166
"child","and",59,"imperative",28,1301,0.02152190622598,21.52190622598
"child","and",59,"other",119,1790,0.0664804469273743,66.4804469273743
"child","and",59,"question",74,6507,0.0113723682188412,11.3723682188412
"child","and",60,"declarative",735,23619,0.0311190143528515,31.1190143528515
"child","and",60,"imperative",3,436,0.00688073394495413,6.88073394495413
"child","and",60,"other",97,1341,0.0723340790454884,72.3340790454884
"child","and",60,"question",39,4292,0.00908667287977633,9.08667287977633
"child","and",61,"declarative",557,15533,0.0358591386081246,35.8591386081246
"child","and",61,"imperative",6,443,0.0135440180586907,13.5440180586907
"child","and",61,"other",34,632,0.0537974683544304,53.7974683544304
"child","and",61,"question",21,2169,0.00968188105117566,9.68188105117566
"child","and",62,"declarative",449,15107,0.0297213212418084,29.7213212418084
"child","and",62,"imperative",5,489,0.0102249488752556,10.2249488752556
"child","and",62,"other",30,772,0.038860103626943,38.860103626943
"child","and",62,"question",42,3414,0.0123022847100176,12.3022847100176
"child","and",63,"declarative",363,11856,0.0306174089068826,30.6174089068826
"child","and",63,"imperative",12,883,0.0135900339750849,13.5900339750849
"child","and",63,"other",36,591,0.0609137055837563,60.9137055837563
"child","and",63,"question",27,1997,0.0135202804206309,13.5202804206309
"child","and",64,"declarative",158,6891,0.0229284574082136,22.9284574082136
"child","and",64,"imperative",11,626,0.0175718849840256,17.5718849840256
"child","and",64,"other",11,392,0.0280612244897959,28.0612244897959
"child","and",64,"question",9,1093,0.00823421774931381,8.23421774931381
"child","and",65,"declarative",186,6225,0.0298795180722892,29.8795180722892
"child","and",65,"imperative",15,780,0.0192307692307692,19.2307692307692
"child","and",65,"other",24,377,0.0636604774535809,63.6604774535809
"child","and",65,"question",14,1222,0.0114566284779051,11.4566284779051
"child","and",66,"declarative",308,9623,0.0320066507326198,32.0066507326198
"child","and",66,"imperative",10,975,0.0102564102564103,10.2564102564103
"child","and",66,"other",25,655,0.0381679389312977,38.1679389312977
"child","and",66,"question",21,1937,0.0108415074858028,10.8415074858028
"child","and",67,"declarative",397,12271,0.032352701491321,32.352701491321
"child","and",67,"imperative",18,1474,0.0122116689280868,12.2116689280868
"child","and",67,"other",37,639,0.0579029733959311,57.9029733959311
"child","and",67,"question",15,2192,0.00684306569343066,6.84306569343066
"child","and",68,"declarative",647,11729,0.0551624179384432,55.1624179384432
"child","and",68,"imperative",21,989,0.0212335692618807,21.2335692618807
"child","and",68,"other",55,647,0.0850077279752705,85.0077279752705
"child","and",68,"question",31,1454,0.0213204951856946,21.3204951856946
"child","and",69,"declarative",525,13527,0.0388112663561765,38.8112663561765
"child","and",69,"imperative",23,1227,0.0187449062754686,18.7449062754686
"child","and",69,"other",34,544,0.0625,62.5
"child","and",69,"question",19,2145,0.00885780885780886,8.85780885780886
"child","and",70,"declarative",290,8613,0.0336700336700337,33.6700336700337
"child","and",70,"imperative",16,749,0.0213618157543391,21.3618157543391
"child","and",70,"other",55,574,0.0958188153310105,95.8188153310105
"child","and",70,"question",9,1135,0.0079295154185022,7.9295154185022
"child","and",71,"declarative",471,7873,0.0598247173885431,59.8247173885431
"child","and",71,"imperative",5,459,0.0108932461873638,10.8932461873638
"child","and",71,"other",19,337,0.056379821958457,56.379821958457
"child","and",71,"question",9,886,0.0101580135440181,10.1580135440181
"child","or",13,"other",1,105,0.00952380952380952,9.52380952380953
"child","or",17,"other",1,944,0.00105932203389831,1.05932203389831
"child","or",19,"declarative",1,26668,3.74981250937453e-05,0.0374981250937453
"child","or",20,"declarative",2,29533,6.77208546371855e-05,0.0677208546371855
"child","or",21,"declarative",5,40620,0.000123092072870507,0.123092072870507
"child","or",21,"other",1,1063,0.000940733772342427,0.940733772342427
"child","or",23,"declarative",5,66580,7.50976269149895e-05,0.0750976269149895
"child","or",23,"other",1,982,0.0010183299389002,1.0183299389002
"child","or",24,"declarative",29,153899,0.000188435272483902,0.188435272483902
"child","or",24,"question",3,23308,0.000128711172129741,0.128711172129741
"child","or",25,"declarative",10,125936,7.94054122729005e-05,0.0794054122729005
"child","or",25,"question",2,15047,0.000132916860503755,0.132916860503755
"child","or",26,"declarative",30,131345,0.000228406106056569,0.228406106056569
"child","or",26,"imperative",1,2852,0.000350631136044881,0.350631136044881
"child","or",26,"other",2,2675,0.000747663551401869,0.747663551401869
"child","or",26,"question",2,15312,0.000130616509926855,0.130616509926855
"child","or",27,"declarative",12,141580,8.47577341432406e-05,0.0847577341432406
"child","or",27,"other",1,2902,0.000344589937973811,0.344589937973811
"child","or",27,"question",2,16578,0.000120641814452889,0.120641814452889
"child","or",28,"declarative",21,149654,0.000140323679955096,0.140323679955096
"child","or",28,"question",6,20431,0.000293671381723851,0.293671381723851
"child","or",29,"declarative",27,181631,0.000148653038302933,0.148653038302933
"child","or",29,"imperative",1,4341,0.000230361667818475,0.230361667818475
"child","or",29,"question",6,25211,0.000237991352980842,0.237991352980842
"child","or",30,"declarative",15,175255,8.55895694844655e-05,0.0855895694844655
"child","or",30,"imperative",2,5331,0.00037516413430876,0.37516413430876
"child","or",30,"other",3,6489,0.000462320850670365,0.462320850670365
"child","or",30,"question",6,27321,0.000219611288020204,0.219611288020204
"child","or",31,"declarative",67,178563,0.000375217710275925,0.375217710275925
"child","or",31,"other",4,6026,0.000663790242283438,0.663790242283438
"child","or",31,"question",26,31088,0.000836335563561503,0.836335563561503
"child","or",32,"declarative",102,158618,0.000643054382226481,0.643054382226481
"child","or",32,"other",1,4464,0.000224014336917563,0.224014336917563
"child","or",32,"question",36,29951,0.00120196320657073,1.20196320657073
"child","or",33,"declarative",41,164090,0.00024986288012676,0.24986288012676
"child","or",33,"imperative",2,3350,0.000597014925373134,0.597014925373134
"child","or",33,"other",4,5732,0.000697836706210747,0.697836706210747
"child","or",33,"question",26,31775,0.000818253343823761,0.818253343823761
"child","or",34,"declarative",49,161716,0.000303000321551362,0.303000321551362
"child","or",34,"other",9,7279,0.00123643357604066,1.23643357604066
"child","or",34,"question",49,32496,0.00150787789266371,1.50787789266371
"child","or",35,"declarative",83,132415,0.000626817203489031,0.626817203489031
"child","or",35,"imperative",2,2475,0.000808080808080808,0.808080808080808
"child","or",35,"other",4,5596,0.000714796283059328,0.714796283059328
"child","or",35,"question",17,25307,0.000671750898960762,0.671750898960762
"child","or",36,"declarative",157,244646,0.000641743580520425,0.641743580520425
"child","or",36,"other",25,13302,0.00187941662907833,1.87941662907833
"child","or",36,"question",75,59376,0.00126313662085691,1.26313662085691
"child","or",37,"declarative",47,104864,0.000448199572779982,0.448199572779982
"child","or",37,"imperative",1,1974,0.000506585612968592,0.506585612968592
"child","or",37,"other",2,4186,0.000477783086478739,0.477783086478739
"child","or",37,"question",24,20094,0.00119438638399522,1.19438638399522
"child","or",38,"declarative",46,77303,0.00059506099375186,0.59506099375186
"child","or",38,"other",4,3342,0.00119688809096349,1.19688809096349
"child","or",38,"question",13,17023,0.000763672678141338,0.763672678141338
"child","or",39,"declarative",30,77842,0.000385396058682973,0.385396058682973
"child","or",39,"other",3,3917,0.000765892264488129,0.765892264488129
"child","or",39,"question",18,15929,0.00113001443907339,1.13001443907339
"child","or",40,"declarative",33,57056,0.000578379136287156,0.578379136287156
"child","or",40,"other",2,2397,0.000834376303712975,0.834376303712975
"child","or",40,"question",12,13867,0.000865363813369871,0.865363813369871
"child","or",41,"declarative",43,49226,0.000873522122455613,0.873522122455613
"child","or",41,"imperative",1,835,0.00119760479041916,1.19760479041916
"child","or",41,"other",4,3790,0.00105540897097625,1.05540897097625
"child","or",41,"question",7,10688,0.000654940119760479,0.654940119760479
"child","or",42,"declarative",45,49088,0.000916720990873533,0.916720990873533
"child","or",42,"other",2,2034,0.000983284169124877,0.983284169124877
"child","or",42,"question",7,9694,0.00072209614194347,0.72209614194347
"child","or",43,"declarative",28,42246,0.000662784642333002,0.662784642333002
"child","or",43,"imperative",1,1229,0.00081366965012205,0.81366965012205
"child","or",43,"other",2,3004,0.00066577896138482,0.66577896138482
"child","or",43,"question",16,8848,0.00180831826401447,1.80831826401447
"child","or",44,"declarative",30,46551,0.000644454469291744,0.644454469291745
"child","or",44,"other",1,2035,0.000491400491400491,0.491400491400491
"child","or",44,"question",16,10873,0.0014715349949416,1.4715349949416
"child","or",45,"declarative",13,46274,0.000280935298439729,0.280935298439729
"child","or",45,"other",2,1560,0.00128205128205128,1.28205128205128
"child","or",45,"question",5,9963,0.000501856870420556,0.501856870420556
"child","or",46,"declarative",33,43985,0.000750255769012163,0.750255769012163
"child","or",46,"imperative",1,2209,0.000452693526482571,0.452693526482571
"child","or",46,"other",3,2339,0.00128259940145361,1.28259940145361
"child","or",46,"question",8,7872,0.00101626016260163,1.01626016260163
"child","or",47,"declarative",35,34317,0.001019902672145,1.019902672145
"child","or",47,"imperative",1,938,0.00106609808102345,1.06609808102345
"child","or",47,"other",1,1264,0.000791139240506329,0.791139240506329
"child","or",47,"question",11,7683,0.0014317323961994,1.4317323961994
"child","or",48,"declarative",33,45724,0.000721721634152743,0.721721634152742
"child","or",48,"imperative",1,2034,0.000491642084562439,0.491642084562439
"child","or",48,"other",2,2396,0.000834724540901503,0.834724540901502
"child","or",48,"question",7,8643,0.000809903968529446,0.809903968529446
"child","or",49,"declarative",37,33515,0.0011039832910637,1.1039832910637
"child","or",49,"imperative",1,692,0.00144508670520231,1.44508670520231
"child","or",49,"question",12,7110,0.00168776371308017,1.68776371308017
"child","or",50,"declarative",40,37977,0.00105326908391921,1.05326908391921
"child","or",50,"other",3,2081,0.00144161460836136,1.44161460836136
"child","or",50,"question",7,7933,0.000882390016387243,0.882390016387243
"child","or",51,"declarative",56,33130,0.00169031089646846,1.69031089646846
"child","or",51,"imperative",1,1340,0.000746268656716418,0.746268656716418
"child","or",51,"other",1,1433,0.000697836706210747,0.697836706210747
"child","or",51,"question",18,6560,0.00274390243902439,2.74390243902439
"child","or",52,"declarative",24,37450,0.000640854472630174,0.640854472630174
"child","or",52,"imperative",1,904,0.00110619469026549,1.10619469026549
"child","or",52,"other",2,1458,0.00137174211248285,1.37174211248285
"child","or",52,"question",8,7241,0.001104819776274,1.104819776274
"child","or",53,"declarative",23,24572,0.000936024743610614,0.936024743610614
"child","or",53,"imperative",1,836,0.00119617224880383,1.19617224880383
"child","or",53,"other",4,1229,0.0032546786004882,3.2546786004882
"child","or",53,"question",10,5019,0.00199242877067145,1.99242877067145
"child","or",54,"declarative",32,30409,0.0010523200368312,1.0523200368312
"child","or",54,"other",1,1832,0.000545851528384279,0.545851528384279
"child","or",54,"question",10,8870,0.00112739571589628,1.12739571589628
"child","or",55,"declarative",16,27509,0.000581627830891708,0.581627830891708
"child","or",55,"other",3,1424,0.00210674157303371,2.10674157303371
"child","or",55,"question",11,6871,0.00160093145102605,1.60093145102605
"child","or",56,"declarative",14,27122,0.000516186121967407,0.516186121967407
"child","or",56,"other",3,930,0.0032258064516129,3.2258064516129
"child","or",56,"question",11,5051,0.00217778657691546,2.17778657691546
"child","or",57,"declarative",136,235919,0.000576469042340803,0.576469042340803
"child","or",57,"imperative",11,20867,0.000527148128624143,0.527148128624143
"child","or",57,"other",24,21592,0.00111152278621712,1.11152278621712
"child","or",57,"question",217,63073,0.00344045788213657,3.44045788213657
"child","or",58,"declarative",26,30409,0.000855010029925351,0.855010029925351
"child","or",58,"other",2,1470,0.00136054421768707,1.36054421768707
"child","or",58,"question",8,5723,0.00139786825091735,1.39786825091735
"child","or",59,"declarative",25,29214,0.000855754090504553,0.855754090504553
"child","or",59,"other",5,1790,0.00279329608938547,2.79329608938547
"child","or",59,"question",13,6507,0.00199784847087752,1.99784847087752
"child","or",60,"declarative",17,23619,0.000719759515644185,0.719759515644185
"child","or",60,"other",1,1341,0.000745712155108128,0.745712155108128
"child","or",60,"question",9,4292,0.00209692451071761,2.09692451071761
"child","or",61,"declarative",23,15533,0.00148071847035344,1.48071847035344
"child","or",61,"other",3,632,0.00474683544303797,4.74683544303798
"child","or",61,"question",3,2169,0.00138312586445367,1.38312586445367
"child","or",62,"declarative",16,15107,0.00105911167008671,1.05911167008671
"child","or",62,"question",5,3414,0.00146455770357352,1.46455770357352
"child","or",63,"declarative",9,11856,0.000759109311740891,0.759109311740891
"child","or",63,"other",1,591,0.00169204737732657,1.69204737732657
"child","or",63,"question",6,1997,0.00300450676014021,3.00450676014021
"child","or",64,"declarative",4,6891,0.000580467276157307,0.580467276157307
"child","or",64,"other",1,392,0.00255102040816327,2.55102040816327
"child","or",64,"question",3,1093,0.00274473924977127,2.74473924977127
"child","or",65,"declarative",6,6225,0.000963855421686747,0.963855421686747
"child","or",65,"question",1,1222,0.000818330605564648,0.818330605564648
"child","or",66,"declarative",10,9623,0.0010391769718383,1.0391769718383
"child","or",66,"imperative",1,975,0.00102564102564103,1.02564102564103
"child","or",66,"question",12,1937,0.00619514713474445,6.19514713474445
"child","or",67,"declarative",14,12271,0.00114090131203651,1.14090131203651
"child","or",67,"other",2,639,0.00312989045383412,3.12989045383412
"child","or",67,"question",8,2192,0.00364963503649635,3.64963503649635
"child","or",68,"declarative",6,11729,0.000511552562025748,0.511552562025748
"child","or",68,"other",1,647,0.00154559505409583,1.54559505409583
"child","or",68,"question",2,1454,0.00137551581843191,1.37551581843191
"child","or",69,"declarative",13,13527,0.000961040881200562,0.961040881200562
"child","or",69,"other",1,544,0.00183823529411765,1.83823529411765
"child","or",69,"question",3,2145,0.0013986013986014,1.3986013986014
"child","or",70,"declarative",7,8613,0.000812724950655985,0.812724950655985
"child","or",70,"other",1,574,0.00174216027874564,1.74216027874564
"child","or",70,"question",3,1135,0.0026431718061674,2.6431718061674
"child","or",71,"declarative",9,7873,0.00114314746602312,1.14314746602312
"child","or",71,"question",1,886,0.00112866817155756,1.12866817155756
"child","other",12,"declarative",2524,2524,1,1000
"child","other",12,"imperative",39,39,1,1000
"child","other",12,"other",2,2,1,1000
"child","other",12,"question",15,15,1,1000
"child","other",13,"declarative",1982,1982,1,1000
"child","other",13,"imperative",63,63,1,1000
"child","other",13,"other",104,105,0.990476190476191,990.47619047619
"child","other",13,"question",64,64,1,1000
"child","other",14,"declarative",5552,5553,0.999819917161894,999.819917161894
"child","other",14,"imperative",157,157,1,1000
"child","other",14,"other",426,426,1,1000
"child","other",14,"question",102,102,1,1000
"child","other",15,"declarative",8177,8180,0.999633251833741,999.633251833741
"child","other",15,"imperative",132,132,1,1000
"child","other",15,"other",839,839,1,1000
"child","other",15,"question",80,80,1,1000
"child","other",16,"declarative",11461,11466,0.999563928135357,999.563928135357
"child","other",16,"imperative",261,261,1,1000
"child","other",16,"other",365,365,1,1000
"child","other",16,"question",507,507,1,1000
"child","other",17,"declarative",13568,13579,0.999189925620443,999.189925620443
"child","other",17,"imperative",273,273,1,1000
"child","other",17,"other",940,944,0.995762711864407,995.762711864407
"child","other",17,"question",861,865,0.995375722543353,995.375722543353
"child","other",18,"declarative",22049,22103,0.997556892729494,997.556892729494
"child","other",18,"imperative",313,313,1,1000
"child","other",18,"other",221,221,1,1000
"child","other",18,"question",1432,1433,0.999302163293789,999.302163293789
"child","other",19,"declarative",26630,26668,0.998575071246438,998.575071246438
"child","other",19,"imperative",711,712,0.998595505617977,998.595505617978
"child","other",19,"other",726,730,0.994520547945206,994.520547945206
"child","other",19,"question",2163,2164,0.999537892791128,999.537892791128
"child","other",20,"declarative",29420,29533,0.996173771712999,996.173771712999
"child","other",20,"imperative",1437,1441,0.997224149895906,997.224149895906
"child","other",20,"other",243,258,0.941860465116279,941.860465116279
"child","other",20,"question",4245,4248,0.999293785310734,999.293785310734
"child","other",21,"declarative",40304,40620,0.992220580994584,992.220580994584
"child","other",21,"imperative",885,891,0.993265993265993,993.265993265993
"child","other",21,"other",1038,1063,0.976481655691439,976.481655691439
"child","other",21,"question",5327,5344,0.996818862275449,996.818862275449
"child","other",22,"declarative",41272,41565,0.992950799951883,992.950799951883
"child","other",22,"imperative",541,547,0.989031078610603,989.031078610603
"child","other",22,"other",1043,1067,0.977507029053421,977.507029053421
"child","other",22,"question",6497,6507,0.99846319348394,998.46319348394
"child","other",23,"declarative",65896,66580,0.989726644638029,989.726644638029
"child","other",23,"imperative",1270,1280,0.9921875,992.1875
"child","other",23,"other",962,982,0.979633401221996,979.633401221996
"child","other",23,"question",8813,8829,0.99818779023672,998.18779023672
"child","other",24,"declarative",152871,153899,0.993320294478847,993.320294478847
"child","other",24,"imperative",3916,3927,0.997198879551821,997.198879551821
"child","other",24,"other",3134,3210,0.976323987538941,976.323987538941
"child","other",24,"question",23243,23308,0.997211257937189,997.211257937189
"child","other",25,"declarative",124947,125936,0.99214680472621,992.14680472621
"child","other",25,"imperative",2492,2504,0.995207667731629,995.207667731629
"child","other",25,"other",2651,2708,0.978951255539143,978.951255539143
"child","other",25,"question",14989,15047,0.996145411045391,996.145411045391
"child","other",26,"declarative",129947,131345,0.989356275457764,989.356275457764
"child","other",26,"imperative",2836,2852,0.994389901823282,994.389901823282
"child","other",26,"other",2608,2675,0.974953271028037,974.953271028037
"child","other",26,"question",15193,15312,0.992228317659352,992.228317659352
"child","other",27,"declarative",139671,141580,0.986516457126713,986.516457126713
"child","other",27,"imperative",2797,2846,0.982782853127196,982.782853127196
"child","other",27,"other",2781,2902,0.958304617505169,958.304617505169
"child","other",27,"question",16398,16578,0.98914223669924,989.14223669924
"child","other",28,"declarative",147628,149654,0.986462105924332,986.462105924332
"child","other",28,"imperative",3409,3452,0.987543453070684,987.543453070684
"child","other",28,"other",3830,4023,0.95202585135471,952.02585135471
"child","other",28,"question",19932,20431,0.975576330086633,975.576330086633
"child","other",29,"declarative",178806,181631,0.984446487659045,984.446487659045
"child","other",29,"imperative",4283,4341,0.986639023266528,986.639023266528
"child","other",29,"other",6555,6864,0.954982517482518,954.982517482518
"child","other",29,"question",24865,25211,0.986275831978105,986.275831978105
"child","other",30,"declarative",172739,175255,0.985643776211806,985.643776211806
"child","other",30,"imperative",5270,5331,0.988557493903583,988.557493903583
"child","other",30,"other",6250,6489,0.963168438896594,963.168438896594
"child","other",30,"question",27083,27321,0.991288752241865,991.288752241865
"child","other",31,"declarative",175010,178563,0.980102260826711,980.102260826711
"child","other",31,"imperative",3826,3900,0.981025641025641,981.025641025641
"child","other",31,"other",5698,6026,0.945569200132758,945.569200132758
"child","other",31,"question",30744,31088,0.988934637159032,988.934637159032
"child","other",32,"declarative",155588,158618,0.980897502175037,980.897502175037
"child","other",32,"imperative",3341,3384,0.987293144208038,987.293144208038
"child","other",32,"other",4269,4464,0.956317204301075,956.317204301075
"child","other",32,"question",29600,29951,0.988280858735935,988.280858735935
"child","other",33,"declarative",161545,164090,0.984490218782376,984.490218782376
"child","other",33,"imperative",3283,3350,0.98,980
"child","other",33,"other",5512,5732,0.961618981158409,961.618981158409
"child","other",33,"question",31451,31775,0.989803304484658,989.803304484658
"child","other",34,"declarative",158960,161716,0.982957777832744,982.957777832744
"child","other",34,"imperative",3769,3818,0.987166055526454,987.166055526454
"child","other",34,"other",7050,7279,0.968539634565188,968.539634565187
"child","other",34,"question",32149,32496,0.989321762678483,989.321762678484
"child","other",35,"declarative",129822,132415,0.980417626401843,980.417626401843
"child","other",35,"imperative",2424,2475,0.979393939393939,979.393939393939
"child","other",35,"other",5364,5596,0.958541815582559,958.541815582559
"child","other",35,"question",25087,25307,0.991306753072272,991.306753072272
"child","other",36,"declarative",239703,244646,0.97979529606043,979.79529606043
"child","other",36,"imperative",5124,5223,0.981045376220563,981.045376220563
"child","other",36,"other",12782,13302,0.960908134115171,960.908134115171
"child","other",36,"question",58751,59376,0.989473861492859,989.473861492859
"child","other",37,"declarative",102778,104864,0.980107567897467,980.107567897467
"child","other",37,"imperative",1917,1974,0.97112462006079,971.12462006079
"child","other",37,"other",3996,4186,0.95461060678452,954.61060678452
"child","other",37,"question",19901,20094,0.990395142828705,990.395142828705
"child","other",38,"declarative",75639,77303,0.978474315356454,978.474315356454
"child","other",38,"imperative",1454,1498,0.970627503337784,970.627503337784
"child","other",38,"other",3185,3342,0.953022142429683,953.022142429683
"child","other",38,"question",16853,17023,0.990013511131998,990.013511131998
"child","other",39,"declarative",76192,77842,0.978803216772436,978.803216772436
"child","other",39,"imperative",1119,1131,0.989389920424403,989.389920424403
"child","other",39,"other",3743,3917,0.955578248659689,955.578248659689
"child","other",39,"question",15802,15929,0.992027120346538,992.027120346538
"child","other",40,"declarative",55652,57056,0.975392596747055,975.392596747055
"child","other",40,"imperative",1010,1038,0.973025048169557,973.025048169557
"child","other",40,"other",2224,2397,0.927826449728828,927.826449728828
"child","other",40,"question",13694,13867,0.987524338357251,987.524338357251
"child","other",41,"declarative",48040,49226,0.975907040994596,975.907040994596
"child","other",41,"imperative",814,835,0.974850299401198,974.850299401198
"child","other",41,"other",3709,3790,0.978627968337731,978.627968337731
"child","other",41,"question",10584,10688,0.990269461077844,990.269461077844
"child","other",42,"declarative",47965,49088,0.977122718383312,977.122718383312
"child","other",42,"imperative",959,975,0.983589743589744,983.589743589744
"child","other",42,"other",1941,2034,0.954277286135693,954.277286135693
"child","other",42,"question",9563,9694,0.986486486486487,986.486486486487
"child","other",43,"declarative",41237,42246,0.976116081995929,976.116081995929
"child","other",43,"imperative",1196,1229,0.973148901545972,973.148901545972
"child","other",43,"other",2902,3004,0.966045272969374,966.045272969374
"child","other",43,"question",8711,8848,0.984516274864376,984.516274864376
"child","other",44,"declarative",45401,46551,0.975295912010483,975.295912010483
"child","other",44,"imperative",1722,1776,0.969594594594595,969.594594594595
"child","other",44,"other",1924,2035,0.945454545454545,945.454545454545
"child","other",44,"question",10712,10873,0.9851926791134,985.1926791134
"child","other",45,"declarative",45285,46274,0.978627306911008,978.627306911008
"child","other",45,"imperative",2620,2662,0.984222389181067,984.222389181067
"child","other",45,"other",1483,1560,0.950641025641026,950.641025641026
"child","other",45,"question",9848,9963,0.988457291980327,988.457291980327
"child","other",46,"declarative",42950,43985,0.976469250880982,976.469250880982
"child","other",46,"imperative",2158,2209,0.976912630149389,976.912630149389
"child","other",46,"other",2239,2339,0.957246686618213,957.246686618213
"child","other",46,"question",7782,7872,0.988567073170732,988.567073170732
"child","other",47,"declarative",33564,34317,0.978057522510709,978.057522510709
"child","other",47,"imperative",921,938,0.981876332622601,981.876332622601
"child","other",47,"other",1200,1264,0.949367088607595,949.367088607595
"child","other",47,"question",7611,7683,0.990628660679422,990.628660679422
"child","other",48,"declarative",44425,45724,0.971590412037442,971.590412037442
"child","other",48,"imperative",1993,2034,0.97984267453294,979.84267453294
"child","other",48,"other",2239,2396,0.934474123539232,934.474123539232
"child","other",48,"question",8544,8643,0.988545643873655,988.545643873655
"child","other",49,"declarative",32769,33515,0.977741309861256,977.741309861256
"child","other",49,"imperative",672,692,0.971098265895954,971.098265895954
"child","other",49,"other",1228,1280,0.959375,959.375
"child","other",49,"question",7026,7110,0.988185654008439,988.185654008439
"child","other",50,"declarative",37002,37977,0.974326566079469,974.326566079469
"child","other",50,"imperative",1329,1358,0.978645066273932,978.645066273932
"child","other",50,"other",1972,2081,0.947621335896204,947.621335896204
"child","other",50,"question",7825,7933,0.986385982604311,986.385982604311
"child","other",51,"declarative",32388,33130,0.977603380621793,977.603380621793
"child","other",51,"imperative",1314,1340,0.980597014925373,980.597014925373
"child","other",51,"other",1379,1433,0.96231681786462,962.31681786462
"child","other",51,"question",6461,6560,0.984908536585366,984.908536585366
"child","other",52,"declarative",36529,37450,0.975407209612817,975.407209612817
"child","other",52,"imperative",880,904,0.973451327433628,973.451327433628
"child","other",52,"other",1364,1458,0.935528120713306,935.528120713306
"child","other",52,"question",7148,7241,0.987156470100815,987.156470100815
"child","other",53,"declarative",24067,24572,0.97944815236855,979.44815236855
"child","other",53,"imperative",823,836,0.98444976076555,984.44976076555
"child","other",53,"other",1189,1229,0.967453213995118,967.453213995118
"child","other",53,"question",4968,5019,0.989838613269576,989.838613269576
"child","other",54,"declarative",29827,30409,0.980860929330133,980.860929330133
"child","other",54,"imperative",2380,2414,0.985915492957746,985.915492957747
"child","other",54,"other",1774,1832,0.968340611353712,968.340611353712
"child","other",54,"question",8767,8870,0.988387824126268,988.387824126268
"child","other",55,"declarative",26914,27509,0.978370715038715,978.370715038715
"child","other",55,"imperative",1045,1054,0.99146110056926,991.46110056926
"child","other",55,"other",1367,1424,0.95997191011236,959.97191011236
"child","other",55,"question",6782,6871,0.987047009168971,987.047009168971
"child","other",56,"declarative",26346,27122,0.971388540668092,971.388540668092
"child","other",56,"imperative",964,977,0.986693961105425,986.693961105425
"child","other",56,"other",878,930,0.944086021505376,944.086021505376
"child","other",56,"question",4994,5051,0.98871510591962,988.71510591962
"child","other",57,"declarative",231708,235919,0.982150653402227,982.150653402227
"child","other",57,"imperative",20594,20867,0.986917141898692,986.917141898692
"child","other",57,"other",20749,21592,0.960957762134124,960.957762134124
"child","other",57,"question",62253,63073,0.986999191413124,986.999191413124
"child","other",58,"declarative",29747,30409,0.978230129238055,978.230129238054
"child","other",58,"imperative",709,716,0.990223463687151,990.223463687151
"child","other",58,"other",1392,1470,0.946938775510204,946.938775510204
"child","other",58,"question",5647,5723,0.986720251616285,986.720251616285
"child","other",59,"declarative",28497,29214,0.975456972684329,975.456972684329
"child","other",59,"imperative",1273,1301,0.97847809377402,978.47809377402
"child","other",59,"other",1666,1790,0.93072625698324,930.72625698324
"child","other",59,"question",6420,6507,0.986629783310281,986.629783310281
"child","other",60,"declarative",22867,23619,0.968161226131504,968.161226131504
"child","other",60,"imperative",433,436,0.993119266055046,993.119266055046
"child","other",60,"other",1243,1341,0.926920208799403,926.920208799403
"child","other",60,"question",4244,4292,0.988816402609506,988.816402609506
"child","other",61,"declarative",14953,15533,0.962660142921522,962.660142921522
"child","other",61,"imperative",437,443,0.986455981941309,986.455981941309
"child","other",61,"other",595,632,0.941455696202532,941.455696202532
"child","other",61,"question",2145,2169,0.988934993084371,988.934993084371
"child","other",62,"declarative",14642,15107,0.969219567088105,969.219567088105
"child","other",62,"imperative",484,489,0.989775051124744,989.775051124744
"child","other",62,"other",742,772,0.961139896373057,961.139896373057
"child","other",62,"question",3367,3414,0.986233157586409,986.233157586409
"child","other",63,"declarative",11484,11856,0.968623481781376,968.623481781376
"child","other",63,"imperative",871,883,0.986409966024915,986.409966024915
"child","other",63,"other",554,591,0.937394247038917,937.394247038917
"child","other",63,"question",1964,1997,0.983475212819229,983.475212819229
"child","other",64,"declarative",6729,6891,0.976491075315629,976.491075315629
"child","other",64,"imperative",615,626,0.982428115015974,982.428115015975
"child","other",64,"other",380,392,0.969387755102041,969.387755102041
"child","other",64,"question",1081,1093,0.989021043000915,989.021043000915
"child","other",65,"declarative",6033,6225,0.969156626506024,969.156626506024
"child","other",65,"imperative",765,780,0.980769230769231,980.769230769231
"child","other",65,"other",353,377,0.936339522546419,936.339522546419
"child","other",65,"question",1207,1222,0.98772504091653,987.72504091653
"child","other",66,"declarative",9305,9623,0.966954172295542,966.954172295542
"child","other",66,"imperative",964,975,0.988717948717949,988.717948717949
"child","other",66,"other",630,655,0.961832061068702,961.832061068702
"child","other",66,"question",1904,1937,0.982963345379453,982.963345379453
"child","other",67,"declarative",11860,12271,0.966506397196642,966.506397196642
"child","other",67,"imperative",1456,1474,0.987788331071913,987.788331071913
"child","other",67,"other",600,639,0.938967136150235,938.967136150235
"child","other",67,"question",2169,2192,0.989507299270073,989.507299270073
"child","other",68,"declarative",11076,11729,0.944326029499531,944.326029499531
"child","other",68,"imperative",968,989,0.978766430738119,978.766430738119
"child","other",68,"other",591,647,0.913446676970634,913.446676970634
"child","other",68,"question",1421,1454,0.977303988995873,977.303988995873
"child","other",69,"declarative",12989,13527,0.960227692762623,960.227692762623
"child","other",69,"imperative",1204,1227,0.981255093724531,981.255093724531
"child","other",69,"other",509,544,0.935661764705882,935.661764705882
"child","other",69,"question",2123,2145,0.98974358974359,989.74358974359
"child","other",70,"declarative",8316,8613,0.96551724137931,965.51724137931
"child","other",70,"imperative",733,749,0.978638184245661,978.638184245661
"child","other",70,"other",518,574,0.902439024390244,902.439024390244
"child","other",70,"question",1123,1135,0.98942731277533,989.42731277533
"child","other",71,"declarative",7393,7873,0.939032135145434,939.032135145434
"child","other",71,"imperative",454,459,0.989106753812636,989.106753812636
"child","other",71,"other",318,337,0.943620178041543,943.620178041543
"child","other",71,"question",876,886,0.988713318284424,988.713318284424
"parent","and",12,"declarative",285,18306,0.0155686660111439,15.5686660111439
"parent","and",12,"imperative",15,809,0.0185414091470952,18.5414091470952
"parent","and",12,"other",19,757,0.0250990752972259,25.0990752972259
"parent","and",12,"question",57,10155,0.00561299852289513,5.61299852289513
"parent","and",13,"declarative",264,14881,0.0177407432296217,17.7407432296217
"parent","and",13,"imperative",25,2014,0.0124131082423039,12.4131082423039
"parent","and",13,"other",18,945,0.019047619047619,19.0476190476191
"parent","and",13,"question",30,8478,0.00353857041755131,3.53857041755131
"parent","and",14,"declarative",672,48392,0.0138865928252604,13.8865928252604
"parent","and",14,"imperative",53,6139,0.00863332790356736,8.63332790356736
"parent","and",14,"other",42,2691,0.0156075808249721,15.6075808249721
"parent","and",14,"question",135,26902,0.00501821425916289,5.01821425916289
"parent","and",15,"declarative",559,28892,0.0193479163782362,19.3479163782362
"parent","and",15,"imperative",3,467,0.00642398286937901,6.42398286937901
"parent","and",15,"other",66,3810,0.0173228346456693,17.3228346456693
"parent","and",15,"question",90,10675,0.00843091334894614,8.43091334894614
"parent","and",16,"declarative",784,44374,0.0176680037860008,17.6680037860008
"parent","and",16,"imperative",19,1110,0.0171171171171171,17.1171171171171
"parent","and",16,"other",87,3452,0.0252027809965238,25.2027809965238
"parent","and",16,"question",146,18781,0.00777381396091795,7.77381396091795
"parent","and",17,"declarative",831,51021,0.0162874110660316,16.2874110660316
"parent","and",17,"imperative",40,2784,0.014367816091954,14.367816091954
"parent","and",17,"other",119,5877,0.0202484260677216,20.2484260677216
"parent","and",17,"question",172,22380,0.00768543342269884,7.68543342269884
"parent","and",18,"declarative",1219,69466,0.0175481530532923,17.5481530532923
"parent","and",18,"imperative",28,1928,0.0145228215767635,14.5228215767635
"parent","and",18,"other",119,3078,0.0386614684860299,38.6614684860299
"parent","and",18,"question",298,32498,0.00916979506431165,9.16979506431165
"parent","and",19,"declarative",1366,85765,0.0159272430478633,15.9272430478633
"parent","and",19,"imperative",43,4043,0.0106356665842196,10.6356665842196
"parent","and",19,"other",126,5197,0.0242447565903406,24.2447565903406
"parent","and",19,"question",337,42085,0.00800760365926102,8.00760365926102
"parent","and",20,"declarative",1385,86154,0.0160758641502426,16.0758641502426
"parent","and",20,"imperative",38,5358,0.00709219858156028,7.09219858156028
"parent","and",20,"other",162,4550,0.0356043956043956,35.6043956043956
"parent","and",20,"question",445,47106,0.00944677960344754,9.44677960344754
"parent","and",21,"declarative",1349,81118,0.0166300944303361,16.6300944303361
"parent","and",21,"imperative",33,2805,0.0117647058823529,11.7647058823529
"parent","and",21,"other",247,7226,0.0341821201217825,34.1821201217825
"parent","and",21,"question",404,44467,0.00908538916499876,9.08538916499876
"parent","and",22,"declarative",1402,86091,0.0162850936799433,16.2850936799433
"parent","and",22,"imperative",53,2533,0.0209238057639163,20.9238057639163
"parent","and",22,"other",217,6508,0.0333435771358328,33.3435771358328
"parent","and",22,"question",386,41170,0.00937575904785038,9.37575904785038
"parent","and",23,"declarative",2255,134285,0.0167926425140559,16.7926425140559
"parent","and",23,"imperative",43,2204,0.0195099818511797,19.5099818511797
"parent","and",23,"other",231,5920,0.0390202702702703,39.0202702702703
"parent","and",23,"question",757,81431,0.00929621397256573,9.29621397256573
"parent","and",24,"declarative",4906,270916,0.0181089341345657,18.1089341345657
"parent","and",24,"imperative",35,3193,0.0109614782336361,10.9614782336361
"parent","and",24,"other",773,15637,0.0494340346613801,49.4340346613801
"parent","and",24,"question",2261,192552,0.0117422826041797,11.7422826041796
"parent","and",25,"declarative",4866,245075,0.0198551463837601,19.8551463837601
"parent","and",25,"imperative",35,2829,0.0123718628490633,12.3718628490633
"parent","and",25,"other",380,11118,0.0341788091383342,34.1788091383342
"parent","and",25,"question",2108,175818,0.0119896711371987,11.9896711371987
"parent","and",26,"declarative",5009,243830,0.0205430012713776,20.5430012713776
"parent","and",26,"imperative",45,2770,0.0162454873646209,16.2454873646209
"parent","and",26,"other",338,8757,0.0385976932739523,38.5976932739523
"parent","and",26,"question",1987,165624,0.0119970535671159,11.9970535671159
"parent","and",27,"declarative",4251,216351,0.0196486265374322,19.6486265374322
"parent","and",27,"imperative",38,2585,0.0147001934235977,14.7001934235977
"parent","and",27,"other",318,8395,0.0378796902918404,37.8796902918404
"parent","and",27,"question",2222,164035,0.0135458895967324,13.5458895967324
"parent","and",28,"declarative",5134,251492,0.0204141682439203,20.4141682439203
"parent","and",28,"imperative",36,3064,0.0117493472584856,11.7493472584856
"parent","and",28,"other",520,12234,0.042504495667811,42.504495667811
"parent","and",28,"question",2404,179171,0.0134173499059558,13.4173499059558
"parent","and",29,"declarative",4634,251301,0.0184400380420293,18.4400380420293
"parent","and",29,"imperative",77,3700,0.0208108108108108,20.8108108108108
"parent","and",29,"other",458,13612,0.033646782250955,33.646782250955
"parent","and",29,"question",2242,177350,0.0126416690160699,12.6416690160699
"parent","and",30,"declarative",5096,271819,0.0187477696555428,18.7477696555428
"parent","and",30,"imperative",55,4100,0.0134146341463415,13.4146341463415
"parent","and",30,"other",518,13761,0.0376426131821815,37.6426131821815
"parent","and",30,"question",2261,180280,0.0125416019525183,12.5416019525183
"parent","and",31,"declarative",5289,268880,0.0196704849747099,19.6704849747099
"parent","and",31,"imperative",31,2840,0.0109154929577465,10.9154929577465
"parent","and",31,"other",638,16119,0.0395806191451083,39.5806191451083
"parent","and",31,"question",2307,168798,0.0136672235453027,13.6672235453027
"parent","and",32,"declarative",4520,227965,0.0198276051148203,19.8276051148203
"parent","and",32,"imperative",34,2866,0.0118632240055827,11.8632240055827
"parent","and",32,"other",453,10874,0.0416590031267243,41.6590031267243
"parent","and",32,"question",1892,143991,0.0131397101207714,13.1397101207714
"parent","and",33,"declarative",5069,252107,0.0201065420634889,20.1065420634889
"parent","and",33,"imperative",68,3651,0.0186250342371953,18.6250342371953
"parent","and",33,"other",473,12827,0.0368753410774148,36.8753410774148
"parent","and",33,"question",2181,163077,0.0133740502952593,13.3740502952593
"parent","and",34,"declarative",4470,231053,0.019346210609687,19.346210609687
"parent","and",34,"imperative",29,2768,0.0104768786127168,10.4768786127168
"parent","and",34,"other",430,11704,0.0367395762132604,36.7395762132604
"parent","and",34,"question",2024,148773,0.0136046191177163,13.6046191177163
"parent","and",35,"declarative",4230,196303,0.0215483207082928,21.5483207082928
"parent","and",35,"imperative",34,2253,0.0150909897913893,15.0909897913893
"parent","and",35,"other",426,9146,0.0465777389022523,46.5777389022523
"parent","and",35,"question",1725,121820,0.0141602364143819,14.1602364143819
"parent","and",36,"declarative",6599,314342,0.020993058515884,20.993058515884
"parent","and",36,"imperative",31,2564,0.0120904836193448,12.0904836193448
"parent","and",36,"other",727,16857,0.0431274841312215,43.1274841312215
"parent","and",36,"question",2998,205660,0.0145774579402898,14.5774579402898
"parent","and",37,"declarative",3195,142390,0.0224383734812838,22.4383734812838
"parent","and",37,"imperative",11,916,0.0120087336244541,12.0087336244541
"parent","and",37,"other",305,7560,0.0403439153439153,40.3439153439153
"parent","and",37,"question",1269,85957,0.014763195551264,14.763195551264
"parent","and",38,"declarative",1859,91738,0.0202642307440755,20.2642307440755
"parent","and",38,"imperative",19,893,0.0212765957446809,21.2765957446809
"parent","and",38,"other",176,4661,0.0377601373095902,37.7601373095902
"parent","and",38,"question",643,51511,0.0124827706703423,12.4827706703423
"parent","and",39,"declarative",1871,94897,0.0197161132596394,19.7161132596394
"parent","and",39,"imperative",9,932,0.00965665236051502,9.65665236051502
"parent","and",39,"other",253,5730,0.0441535776614311,44.1535776614311
"parent","and",39,"question",801,56162,0.0142623125957053,14.2623125957053
"parent","and",40,"declarative",1256,69252,0.0181366603130595,18.1366603130596
"parent","and",40,"imperative",5,787,0.00635324015247776,6.35324015247776
"parent","and",40,"other",140,3927,0.035650623885918,35.650623885918
"parent","and",40,"question",476,35619,0.0133636542294843,13.3636542294843
"parent","and",41,"declarative",918,48075,0.0190951638065523,19.0951638065523
"parent","and",41,"imperative",3,451,0.00665188470066519,6.65188470066519
"parent","and",41,"other",195,6421,0.0303691013860769,30.3691013860769
"parent","and",41,"question",345,24550,0.0140529531568228,14.0529531568228
"parent","and",42,"declarative",1175,49802,0.0235934299827316,23.5934299827316
"parent","and",42,"imperative",18,952,0.0189075630252101,18.9075630252101
"parent","and",42,"other",105,2382,0.044080604534005,44.080604534005
"parent","and",42,"question",390,27464,0.0142004078065832,14.2004078065832
"parent","and",43,"declarative",1065,50947,0.0209040767856792,20.9040767856792
"parent","and",43,"imperative",12,1502,0.00798934753661784,7.98934753661784
"parent","and",43,"other",184,5974,0.0308001339136257,30.8001339136257
"parent","and",43,"question",367,28436,0.0129061752707835,12.9061752707835
"parent","and",44,"declarative",1184,56952,0.0207894367186403,20.7894367186403
"parent","and",44,"imperative",35,1683,0.0207961972667855,20.7961972667855
"parent","and",44,"other",172,3609,0.0476586311997783,47.6586311997783
"parent","and",44,"question",470,30978,0.0151720575892569,15.1720575892569
"parent","and",45,"declarative",1610,71059,0.0226572285002603,22.6572285002603
"parent","and",45,"imperative",47,3434,0.0136866627839255,13.6866627839255
"parent","and",45,"other",217,4639,0.0467773226988575,46.7773226988575
"parent","and",45,"question",613,38323,0.0159956162095869,15.9956162095869
"parent","and",46,"declarative",1561,64281,0.0242840030491125,24.2840030491125
"parent","and",46,"imperative",34,1841,0.0184682237914177,18.4682237914177
"parent","and",46,"other",212,4401,0.0481708702567598,48.1708702567598
"parent","and",46,"question",484,31660,0.0152874289324068,15.2874289324068
"parent","and",47,"declarative",1326,51120,0.0259389671361502,25.9389671361502
"parent","and",47,"imperative",15,990,0.0151515151515152,15.1515151515152
"parent","and",47,"other",204,3609,0.056525353283458,56.525353283458
"parent","and",47,"question",362,23711,0.0152671755725191,15.2671755725191
"parent","and",48,"declarative",1658,70712,0.023447222536486,23.447222536486
"parent","and",48,"imperative",30,2619,0.011454753722795,11.454753722795
"parent","and",48,"other",243,4372,0.0555809698078683,55.5809698078683
"parent","and",48,"question",488,30285,0.0161135875846128,16.1135875846128
"parent","and",49,"declarative",1148,49330,0.0232718426920738,23.2718426920738
"parent","and",49,"imperative",12,597,0.0201005025125628,20.1005025125628
"parent","and",49,"other",170,3186,0.0533584431889517,53.3584431889517
"parent","and",49,"question",315,24139,0.0130494220970214,13.0494220970214
"parent","and",50,"declarative",994,51048,0.0194718696129133,19.4718696129133
"parent","and",50,"imperative",15,839,0.0178784266984505,17.8784266984505
"parent","and",50,"other",148,4122,0.0359049005337215,35.9049005337215
"parent","and",50,"question",319,25663,0.0124303471924561,12.4303471924561
"parent","and",51,"declarative",1130,49685,0.0227432826808896,22.7432826808896
"parent","and",51,"imperative",11,862,0.0127610208816705,12.7610208816705
"parent","and",51,"other",106,2711,0.0390999631132423,39.0999631132423
"parent","and",51,"question",329,24505,0.0134258314629667,13.4258314629667
"parent","and",52,"declarative",743,36670,0.0202617943823289,20.2617943823289
"parent","and",52,"imperative",3,707,0.00424328147100424,4.24328147100424
"parent","and",52,"other",155,2545,0.0609037328094303,60.9037328094303
"parent","and",52,"question",308,22265,0.0138333707612845,13.8333707612845
"parent","and",53,"declarative",967,40318,0.0239843246192767,23.9843246192767
"parent","and",53,"imperative",14,1032,0.0135658914728682,13.5658914728682
"parent","and",53,"other",130,2986,0.043536503683858,43.536503683858
"parent","and",53,"question",372,22077,0.016850115504824,16.850115504824
"parent","and",54,"declarative",977,44196,0.0221060729477781,22.1060729477781
"parent","and",54,"imperative",25,1375,0.0181818181818182,18.1818181818182
"parent","and",54,"other",101,2099,0.0481181515007146,48.1181515007146
"parent","and",54,"question",306,19595,0.0156162286297525,15.6162286297525
"parent","and",55,"declarative",888,37906,0.0234263704954361,23.4263704954361
"parent","and",55,"imperative",15,958,0.0156576200417537,15.6576200417537
"parent","and",55,"other",77,1777,0.0433314575126618,43.3314575126618
"parent","and",55,"question",253,16725,0.0151270553064275,15.1270553064275
"parent","and",56,"declarative",722,36106,0.0199966764526671,19.9966764526671
"parent","and",56,"imperative",14,902,0.0155210643015521,15.5210643015521
"parent","and",56,"other",77,2098,0.0367016205910391,36.7016205910391
"parent","and",56,"question",289,19425,0.0148777348777349,14.8777348777349
"parent","and",57,"declarative",4226,213524,0.0197916861804762,19.7916861804762
"parent","and",57,"imperative",83,5447,0.0152377455480081,15.2377455480081
"parent","and",57,"other",556,16744,0.0332059245102723,33.2059245102723
"parent","and",57,"question",1045,84219,0.0124081264322778,12.4081264322778
"parent","and",58,"declarative",843,34841,0.0241956315834792,24.1956315834792
"parent","and",58,"imperative",14,555,0.0252252252252252,25.2252252252252
"parent","and",58,"other",79,2033,0.0388588293162814,38.8588293162814
"parent","and",58,"question",265,16759,0.0158123993078346,15.8123993078346
"parent","and",59,"declarative",1119,47351,0.0236320246668497,23.6320246668497
"parent","and",59,"imperative",19,926,0.0205183585313175,20.5183585313175
"parent","and",59,"other",92,2404,0.0382695507487521,38.2695507487521
"parent","and",59,"question",304,21173,0.0143579086572522,14.3579086572522
"parent","and",60,"declarative",340,16893,0.0201266796898123,20.1266796898123
"parent","and",60,"imperative",8,528,0.0151515151515152,15.1515151515152
"parent","and",60,"other",56,1190,0.0470588235294118,47.0588235294118
"parent","and",60,"question",112,8185,0.0136835675015272,13.6835675015272
"parent","and",61,"declarative",197,9240,0.0213203463203463,21.3203463203463
"parent","and",61,"imperative",5,418,0.0119617224880383,11.9617224880383
"parent","and",61,"other",35,583,0.0600343053173242,60.0343053173242
"parent","and",61,"question",72,4620,0.0155844155844156,15.5844155844156
"parent","and",62,"declarative",187,10631,0.0175900667858151,17.5900667858151
"parent","and",62,"imperative",5,190,0.0263157894736842,26.3157894736842
"parent","and",62,"other",25,651,0.0384024577572965,38.4024577572965
"parent","and",62,"question",65,5138,0.0126508369015181,12.6508369015181
"parent","and",63,"declarative",229,11135,0.0205657835653345,20.5657835653345
"parent","and",63,"imperative",7,397,0.017632241813602,17.632241813602
"parent","and",63,"other",11,309,0.0355987055016181,35.5987055016181
"parent","and",63,"question",118,7025,0.016797153024911,16.797153024911
"parent","and",64,"declarative",288,13973,0.020611178701782,20.611178701782
"parent","and",64,"imperative",10,549,0.0182149362477231,18.2149362477231
"parent","and",64,"other",18,477,0.0377358490566038,37.7358490566038
"parent","and",64,"question",53,4875,0.0108717948717949,10.8717948717949
"parent","and",65,"declarative",171,9049,0.0188971157033926,18.8971157033926
"parent","and",65,"imperative",6,366,0.0163934426229508,16.3934426229508
"parent","and",65,"other",18,346,0.0520231213872832,52.0231213872832
"parent","and",65,"question",64,3998,0.016008004002001,16.008004002001
"parent","and",66,"declarative",238,15741,0.0151197509688076,15.1197509688076
"parent","and",66,"imperative",18,1144,0.0157342657342657,15.7342657342657
"parent","and",66,"other",34,855,0.039766081871345,39.766081871345
"parent","and",66,"question",71,7226,0.00982562967063382,9.82562967063382
"parent","and",67,"declarative",405,20826,0.0194468452895419,19.4468452895419
"parent","and",67,"imperative",23,1042,0.0220729366602687,22.0729366602687
"parent","and",67,"other",32,922,0.03470715835141,34.70715835141
"parent","and",67,"question",87,7750,0.0112258064516129,11.2258064516129
"parent","and",68,"declarative",258,11446,0.0225406255460423,22.5406255460423
"parent","and",68,"imperative",18,790,0.0227848101265823,22.7848101265823
"parent","and",68,"other",18,368,0.0489130434782609,48.9130434782609
"parent","and",68,"question",43,4082,0.0105340519353258,10.5340519353258
"parent","and",69,"declarative",343,18371,0.0186707310434925,18.6707310434925
"parent","and",69,"imperative",15,844,0.0177725118483412,17.7725118483412
"parent","and",69,"other",33,799,0.0413016270337922,41.3016270337922
"parent","and",69,"question",68,6690,0.0101644245142003,10.1644245142003
"parent","and",70,"declarative",205,10428,0.0196586114307633,19.6586114307633
"parent","and",70,"imperative",14,595,0.0235294117647059,23.5294117647059
"parent","and",70,"other",18,560,0.0321428571428571,32.1428571428571
"parent","and",70,"question",42,4399,0.00954762446010457,9.54762446010457
"parent","and",71,"declarative",160,7737,0.020679850071087,20.679850071087
"parent","and",71,"imperative",6,355,0.0169014084507042,16.9014084507042
"parent","and",71,"other",17,539,0.0315398886827458,31.5398886827458
"parent","and",71,"question",36,4002,0.00899550224887556,8.99550224887556
"parent","or",12,"declarative",12,18306,0.000655522779416585,0.655522779416585
"parent","or",12,"other",3,757,0.00396301188903567,3.96301188903567
"parent","or",12,"question",21,10155,0.00206794682422452,2.06794682422452
"parent","or",13,"declarative",9,14881,0.000604798064646193,0.604798064646193
"parent","or",13,"question",9,8478,0.00106157112526539,1.06157112526539
"parent","or",14,"declarative",27,48392,0.000557943461729211,0.557943461729211
"parent","or",14,"other",6,2691,0.00222965440356745,2.22965440356745
"parent","or",14,"question",35,26902,0.00130101851163482,1.30101851163482
"parent","or",15,"declarative",19,28892,0.000657621486916794,0.657621486916794
"parent","or",15,"other",5,3810,0.00131233595800525,1.31233595800525
"parent","or",15,"question",26,10675,0.00243559718969555,2.43559718969555
"parent","or",16,"declarative",31,44374,0.000698607292558706,0.698607292558706
"parent","or",16,"other",13,3452,0.00376593279258401,3.76593279258401
"parent","or",16,"question",30,18781,0.00159735903306533,1.59735903306533
"parent","or",17,"declarative",28,51021,0.000548793633993846,0.548793633993846
"parent","or",17,"other",12,5877,0.00204185809086269,2.04185809086269
"parent","or",17,"question",42,22380,0.00187667560321716,1.87667560321716
"parent","or",18,"declarative",59,69466,0.000849336365991996,0.849336365991996
"parent","or",18,"other",2,3078,0.000649772579597141,0.649772579597141
"parent","or",18,"question",42,32498,0.00129238722382916,1.29238722382916
"parent","or",19,"declarative",91,85765,0.00106103888532618,1.06103888532618
"parent","or",19,"other",5,5197,0.000962093515489706,0.962093515489706
"parent","or",19,"question",56,42085,0.00133064037067839,1.33064037067839
"parent","or",20,"declarative",69,86154,0.000800891426979595,0.800891426979595
"parent","or",20,"imperative",3,5358,0.000559910414333707,0.559910414333707
"parent","or",20,"other",9,4550,0.00197802197802198,1.97802197802198
"parent","or",20,"question",55,47106,0.0011675795015497,1.1675795015497
"parent","or",21,"declarative",76,81118,0.000936906728469637,0.936906728469637
"parent","or",21,"imperative",1,2805,0.00035650623885918,0.35650623885918
"parent","or",21,"other",13,7226,0.00179905895377802,1.79905895377802
"parent","or",21,"question",71,44467,0.00159668967998741,1.59668967998741
"parent","or",22,"declarative",68,86091,0.000789861890325353,0.789861890325353
"parent","or",22,"other",18,6508,0.00276582667486171,2.76582667486171
"parent","or",22,"question",89,41170,0.00216176827787224,2.16176827787224
"parent","or",23,"declarative",101,134285,0.000752131660274789,0.752131660274789
"parent","or",23,"imperative",2,2204,0.000907441016333938,0.907441016333938
"parent","or",23,"other",13,5920,0.00219594594594595,2.19594594594595
"parent","or",23,"question",140,81431,0.00171924696982722,1.71924696982722
"parent","or",24,"declarative",199,270916,0.000734545025026207,0.734545025026207
"parent","or",24,"other",23,15637,0.00147087037155465,1.47087037155465
"parent","or",24,"question",293,192552,0.00152166687440276,1.52166687440276
"parent","or",25,"declarative",227,245075,0.000926247067224319,0.926247067224319
"parent","or",25,"imperative",1,2829,0.000353481795687522,0.353481795687522
"parent","or",25,"other",28,11118,0.00251843856808779,2.51843856808779
"parent","or",25,"question",332,175818,0.00188831632711099,1.88831632711099
"parent","or",26,"declarative",234,243830,0.000959685026452856,0.959685026452856
"parent","or",26,"imperative",1,2770,0.00036101083032491,0.36101083032491
"parent","or",26,"other",25,8757,0.00285485896996688,2.85485896996688
"parent","or",26,"question",321,165624,0.00193812490943342,1.93812490943342
"parent","or",27,"declarative",235,216351,0.00108619789138946,1.08619789138946
"parent","or",27,"imperative",2,2585,0.000773694390715667,0.773694390715667
"parent","or",27,"other",25,8395,0.00297796307325789,2.97796307325789
"parent","or",27,"question",344,164035,0.00209711342091627,2.09711342091627
"parent","or",28,"declarative",274,251492,0.00108949787667202,1.08949787667202
"parent","or",28,"imperative",3,3064,0.00097911227154047,0.97911227154047
"parent","or",28,"other",31,12234,0.0025339218571195,2.5339218571195
"parent","or",28,"question",342,179171,0.00190879104319337,1.90879104319337
"parent","or",29,"declarative",293,251301,0.0011659324873359,1.1659324873359
"parent","or",29,"imperative",1,3700,0.00027027027027027,0.27027027027027
"parent","or",29,"other",54,13612,0.00396708786364972,3.96708786364972
"parent","or",29,"question",468,177350,0.00263884973216803,2.63884973216803
"parent","or",30,"declarative",267,271819,0.000982271290822201,0.982271290822201
"parent","or",30,"imperative",1,4100,0.00024390243902439,0.24390243902439
"parent","or",30,"other",32,13761,0.00232541239735484,2.32541239735484
"parent","or",30,"question",388,180280,0.00215220767694697,2.15220767694697
"parent","or",31,"declarative",345,268880,0.00128310026777745,1.28310026777745
"parent","or",31,"imperative",2,2840,0.000704225352112676,0.704225352112676
"parent","or",31,"other",53,16119,0.00328804516409207,3.28804516409207
"parent","or",31,"question",443,168798,0.00262443867818339,2.62443867818339
"parent","or",32,"declarative",248,227965,0.00108788629833527,1.08788629833527
"parent","or",32,"imperative",1,2866,0.000348918353105373,0.348918353105373
"parent","or",32,"other",28,10874,0.00257494942063638,2.57494942063638
"parent","or",32,"question",352,143991,0.00244459723177143,2.44459723177143
"parent","or",33,"declarative",305,252107,0.00120980377379446,1.20980377379446
"parent","or",33,"imperative",2,3651,0.000547795124623391,0.547795124623391
"parent","or",33,"other",36,12827,0.00280657987058548,2.80657987058548
"parent","or",33,"question",365,163077,0.00223820649141203,2.23820649141203
"parent","or",34,"declarative",347,231053,0.00150181992876093,1.50181992876093
"parent","or",34,"other",38,11704,0.00324675324675325,3.24675324675325
"parent","or",34,"question",374,148773,0.00251389701088235,2.51389701088235
"parent","or",35,"declarative",253,196303,0.0012888239099759,1.2888239099759
"parent","or",35,"other",19,9146,0.00207741089000656,2.07741089000656
"parent","or",35,"question",310,121820,0.00254473813823674,2.54473813823674
"parent","or",36,"declarative",359,314342,0.00114206819324176,1.14206819324176
"parent","or",36,"other",44,16857,0.00261019161179332,2.61019161179332
"parent","or",36,"question",468,205660,0.002275600505689,2.275600505689
"parent","or",37,"declarative",198,142390,0.00139054708898097,1.39054708898097
"parent","or",37,"imperative",1,916,0.00109170305676856,1.09170305676856
"parent","or",37,"other",16,7560,0.00211640211640212,2.11640211640212
"parent","or",37,"question",261,85957,0.00303640192189118,3.03640192189118
"parent","or",38,"declarative",152,91738,0.00165689245459897,1.65689245459897
"parent","or",38,"other",13,4661,0.00278910105127655,2.78910105127655
"parent","or",38,"question",153,51511,0.00297023936634894,2.97023936634894
"parent","or",39,"declarative",118,94897,0.00124345342845401,1.24345342845401
"parent","or",39,"imperative",1,932,0.00107296137339056,1.07296137339056
"parent","or",39,"other",10,5730,0.00174520069808028,1.74520069808028
"parent","or",39,"question",169,56162,0.00300915209572309,3.00915209572309
"parent","or",40,"declarative",100,69252,0.00144400161728181,1.44400161728181
"parent","or",40,"other",9,3927,0.00229182582123759,2.29182582123759
"parent","or",40,"question",90,35619,0.00252674134591089,2.52674134591089
"parent","or",41,"declarative",97,48075,0.00201768070722829,2.01768070722829
"parent","or",41,"other",20,6421,0.00311477962934122,3.11477962934122
"parent","or",41,"question",86,24550,0.0035030549898167,3.5030549898167
"parent","or",42,"declarative",79,49802,0.00158628167543472,1.58628167543472
"parent","or",42,"other",7,2382,0.00293870696893367,2.93870696893367
"parent","or",42,"question",102,27464,0.00371395281095252,3.71395281095252
"parent","or",43,"declarative",108,50947,0.00211985004023789,2.11985004023789
"parent","or",43,"other",17,5974,0.00284566454636759,2.84566454636759
"parent","or",43,"question",94,28436,0.00330566887044591,3.30566887044591
"parent","or",44,"declarative",79,56952,0.00138713302430117,1.38713302430117
"parent","or",44,"other",8,3609,0.00221668052091992,2.21668052091992
"parent","or",44,"question",66,30978,0.0021305442572148,2.1305442572148
"parent","or",45,"declarative",85,71059,0.00119618908231188,1.19618908231188
"parent","or",45,"imperative",1,3434,0.00029120559114735,0.29120559114735
"parent","or",45,"other",12,4639,0.00258676438887691,2.58676438887691
"parent","or",45,"question",124,38323,0.00323565482869295,3.23565482869295
"parent","or",46,"declarative",100,64281,0.00155566963799568,1.55566963799568
"parent","or",46,"imperative",2,1841,0.00108636610537751,1.08636610537751
"parent","or",46,"other",13,4401,0.00295387411951829,2.95387411951829
"parent","or",46,"question",81,31660,0.0025584333543904,2.5584333543904
"parent","or",47,"declarative",87,51120,0.0017018779342723,1.7018779342723
"parent","or",47,"imperative",2,990,0.00202020202020202,2.02020202020202
"parent","or",47,"other",18,3609,0.00498753117206983,4.98753117206983
"parent","or",47,"question",98,23711,0.00413310277930075,4.13310277930075
"parent","or",48,"declarative",120,70712,0.00169702455028849,1.69702455028849
"parent","or",48,"imperative",1,2619,0.000381825124093165,0.381825124093165
"parent","or",48,"other",18,4372,0.00411710887465691,4.11710887465691
"parent","or",48,"question",112,30285,0.00369820042925541,3.69820042925541
"parent","or",49,"declarative",88,49330,0.00178390431785931,1.78390431785931
"parent","or",49,"imperative",1,597,0.0016750418760469,1.6750418760469
"parent","or",49,"other",8,3186,0.00251098556183302,2.51098556183302
"parent","or",49,"question",98,24139,0.00405982020796222,4.05982020796222
"parent","or",50,"declarative",82,51048,0.0016063312960351,1.6063312960351
"parent","or",50,"other",23,4122,0.00557981562348375,5.57981562348375
"parent","or",50,"question",92,25663,0.00358492771694658,3.58492771694658
"parent","or",51,"declarative",101,49685,0.00203280668209721,2.03280668209721
"parent","or",51,"other",8,2711,0.00295094061232018,2.95094061232018
"parent","or",51,"question",84,24505,0.00342787186288513,3.42787186288513
"parent","or",52,"declarative",68,36670,0.00185437687482956,1.85437687482956
"parent","or",52,"imperative",1,707,0.00141442715700141,1.41442715700141
"parent","or",52,"other",11,2545,0.00432220039292731,4.32220039292731
"parent","or",52,"question",75,22265,0.00336851560745565,3.36851560745565
"parent","or",53,"declarative",52,40318,0.00128974651520413,1.28974651520413
"parent","or",53,"other",13,2986,0.0043536503683858,4.3536503683858
"parent","or",53,"question",65,22077,0.00294424061240205,2.94424061240205
"parent","or",54,"declarative",79,44196,0.00178749208073129,1.78749208073129
"parent","or",54,"imperative",2,1375,0.00145454545454545,1.45454545454545
"parent","or",54,"other",13,2099,0.00619342544068604,6.19342544068604
"parent","or",54,"question",68,19595,0.00347027302883389,3.47027302883389
"parent","or",55,"declarative",50,37906,0.00131905239276104,1.31905239276104
"parent","or",55,"imperative",2,958,0.00208768267223382,2.08768267223382
"parent","or",55,"other",7,1777,0.00393922341024198,3.93922341024198
"parent","or",55,"question",66,16725,0.00394618834080717,3.94618834080717
"parent","or",56,"declarative",57,36106,0.0015786849831053,1.5786849831053
"parent","or",56,"other",7,2098,0.00333651096282174,3.33651096282174
"parent","or",56,"question",77,19425,0.00396396396396396,3.96396396396396
"parent","or",57,"declarative",379,213524,0.00177497611509713,1.77497611509713
"parent","or",57,"imperative",2,5447,0.000367174591518267,0.367174591518267
"parent","or",57,"other",65,16744,0.00388198757763975,3.88198757763975
"parent","or",57,"question",362,84219,0.00429831748180339,4.29831748180339
"parent","or",58,"declarative",47,34841,0.00134898539077524,1.34898539077524
"parent","or",58,"other",11,2033,0.00541072306935563,5.41072306935563
"parent","or",58,"question",69,16759,0.00411719076317203,4.11719076317203
"parent","or",59,"declarative",74,47351,0.0015627969842242,1.5627969842242
"parent","or",59,"other",6,2404,0.00249584026622296,2.49584026622296
"parent","or",59,"question",68,21173,0.0032116374628064,3.2116374628064
"parent","or",60,"declarative",23,16893,0.00136151068489907,1.36151068489907
"parent","or",60,"question",16,8185,0.00195479535736103,1.95479535736103
"parent","or",61,"declarative",12,9240,0.0012987012987013,1.2987012987013
"parent","or",61,"imperative",2,418,0.00478468899521531,4.78468899521531
"parent","or",61,"other",2,583,0.00343053173241852,3.43053173241852
"parent","or",61,"question",11,4620,0.00238095238095238,2.38095238095238
"parent","or",62,"declarative",12,10631,0.00112877433919669,1.12877433919669
"parent","or",62,"other",4,651,0.00614439324116743,6.14439324116743
"parent","or",62,"question",13,5138,0.00253016738030362,2.53016738030362
"parent","or",63,"declarative",10,11135,0.000898069151324652,0.898069151324652
"parent","or",63,"question",24,7025,0.00341637010676157,3.41637010676157
"parent","or",64,"declarative",20,13973,0.00143133185429042,1.43133185429042
"parent","or",64,"other",1,477,0.00209643605870021,2.09643605870021
"parent","or",64,"question",6,4875,0.00123076923076923,1.23076923076923
"parent","or",65,"declarative",21,9049,0.00232069841971489,2.32069841971489
"parent","or",65,"imperative",1,366,0.00273224043715847,2.73224043715847
"parent","or",65,"other",2,346,0.00578034682080925,5.78034682080925
"parent","or",65,"question",13,3998,0.00325162581290645,3.25162581290645
"parent","or",66,"declarative",33,15741,0.00209643605870021,2.09643605870021
"parent","or",66,"imperative",2,1144,0.00174825174825175,1.74825174825175
"parent","or",66,"other",2,855,0.00233918128654971,2.33918128654971
"parent","or",66,"question",30,7226,0.00415167450871852,4.15167450871852
"parent","or",67,"declarative",52,20826,0.00249687890137328,2.49687890137328
"parent","or",67,"other",1,922,0.00108459869848156,1.08459869848156
"parent","or",67,"question",38,7750,0.00490322580645161,4.90322580645161
"parent","or",68,"declarative",15,11446,0.00131050148523502,1.31050148523502
"parent","or",68,"other",1,368,0.00271739130434783,2.71739130434783
"parent","or",68,"question",10,4082,0.00244977951984321,2.44977951984321
"parent","or",69,"declarative",41,18371,0.00223177834630668,2.23177834630668
"parent","or",69,"imperative",1,844,0.00118483412322275,1.18483412322275
"parent","or",69,"other",4,799,0.00500625782227785,5.00625782227785
"parent","or",69,"question",18,6690,0.00269058295964126,2.69058295964126
"parent","or",70,"declarative",15,10428,0.00143843498273878,1.43843498273878
"parent","or",70,"imperative",1,595,0.00168067226890756,1.68067226890756
"parent","or",70,"other",3,560,0.00535714285714286,5.35714285714286
"parent","or",70,"question",20,4399,0.00454648783814503,4.54648783814503
"parent","or",71,"declarative",16,7737,0.0020679850071087,2.0679850071087
"parent","or",71,"other",1,539,0.00185528756957328,1.85528756957328
"parent","or",71,"question",18,4002,0.00449775112443778,4.49775112443778
"parent","other",12,"declarative",18009,18306,0.98377581120944,983.77581120944
"parent","other",12,"imperative",794,809,0.981458590852905,981.458590852905
"parent","other",12,"other",735,757,0.970937912813738,970.937912813738
"parent","other",12,"question",10077,10155,0.99231905465288,992.31905465288
"parent","other",13,"declarative",14608,14881,0.981654458705732,981.654458705732
"parent","other",13,"imperative",1989,2014,0.987586891757696,987.586891757696
"parent","other",13,"other",927,945,0.980952380952381,980.952380952381
"parent","other",13,"question",8439,8478,0.995399858457183,995.399858457183
"parent","other",14,"declarative",47693,48392,0.98555546371301,985.55546371301
"parent","other",14,"imperative",6086,6139,0.991366672096433,991.366672096433
"parent","other",14,"other",2643,2691,0.98216276477146,982.162764771461
"parent","other",14,"question",26732,26902,0.993680767229202,993.680767229202
"parent","other",15,"declarative",28314,28892,0.979994462134847,979.994462134847
"parent","other",15,"imperative",464,467,0.993576017130621,993.576017130621
"parent","other",15,"other",3739,3810,0.981364829396325,981.364829396325
"parent","other",15,"question",10559,10675,0.989133489461358,989.133489461358
"parent","other",16,"declarative",43559,44374,0.98163338892144,981.63338892144
"parent","other",16,"imperative",1091,1110,0.982882882882883,982.882882882883
"parent","other",16,"other",3352,3452,0.971031286210892,971.031286210892
"parent","other",16,"question",18605,18781,0.990628827006017,990.628827006017
"parent","other",17,"declarative",50162,51021,0.983163795299975,983.163795299975
"parent","other",17,"imperative",2744,2784,0.985632183908046,985.632183908046
"parent","other",17,"other",5746,5877,0.977709715841416,977.709715841416
"parent","other",17,"question",22166,22380,0.990437890974084,990.437890974084
"parent","other",18,"declarative",68188,69466,0.981602510580716,981.602510580716
"parent","other",18,"imperative",1900,1928,0.985477178423237,985.477178423237
"parent","other",18,"other",2957,3078,0.960688758934373,960.688758934373
"parent","other",18,"question",32158,32498,0.989537817711859,989.537817711859
"parent","other",19,"declarative",84308,85765,0.98301171806681,983.01171806681
"parent","other",19,"imperative",4000,4043,0.98936433341578,989.36433341578
"parent","other",19,"other",5066,5197,0.97479314989417,974.79314989417
"parent","other",19,"question",41692,42085,0.990661755970061,990.661755970061
"parent","other",20,"declarative",84700,86154,0.983123244422778,983.123244422778
"parent","other",20,"imperative",5317,5358,0.992347891004106,992.347891004106
"parent","other",20,"other",4379,4550,0.962417582417582,962.417582417582
"parent","other",20,"question",46606,47106,0.989385640895003,989.385640895003
"parent","other",21,"declarative",79693,81118,0.982432998841194,982.432998841194
"parent","other",21,"imperative",2771,2805,0.987878787878788,987.878787878788
"parent","other",21,"other",6966,7226,0.96401882092444,964.01882092444
"parent","other",21,"question",43992,44467,0.989317921155014,989.317921155014
"parent","other",22,"declarative",84621,86091,0.982925044429731,982.925044429731
"parent","other",22,"imperative",2480,2533,0.979076194236084,979.076194236084
"parent","other",22,"other",6273,6508,0.963890596189306,963.890596189305
"parent","other",22,"question",40695,41170,0.988462472674277,988.462472674277
"parent","other",23,"declarative",131929,134285,0.982455225825669,982.455225825669
"parent","other",23,"imperative",2159,2204,0.979582577132486,979.582577132486
"parent","other",23,"other",5676,5920,0.958783783783784,958.783783783784
"parent","other",23,"question",80534,81431,0.988984539057607,988.984539057607
"parent","other",24,"declarative",265811,270916,0.981156520840408,981.156520840408
"parent","other",24,"imperative",3158,3193,0.989038521766364,989.038521766364
"parent","other",24,"other",14841,15637,0.949095094967065,949.095094967065
"parent","other",24,"question",189998,192552,0.986736050521418,986.736050521417
"parent","other",25,"declarative",239982,245075,0.979218606549016,979.218606549016
"parent","other",25,"imperative",2793,2829,0.987274655355249,987.274655355249
"parent","other",25,"other",10710,11118,0.963302752293578,963.302752293578
"parent","other",25,"question",173378,175818,0.98612201253569,986.12201253569
"parent","other",26,"declarative",238587,243830,0.97849731370217,978.49731370217
"parent","other",26,"imperative",2724,2770,0.983393501805054,983.393501805054
"parent","other",26,"other",8394,8757,0.958547447756081,958.547447756081
"parent","other",26,"question",163316,165624,0.986064821523451,986.064821523451
"parent","other",27,"declarative",211865,216351,0.979265175571178,979.265175571178
"parent","other",27,"imperative",2545,2585,0.984526112185687,984.526112185687
"parent","other",27,"other",8052,8395,0.959142346634902,959.142346634902
"parent","other",27,"question",161469,164035,0.984356996982351,984.356996982351
"parent","other",28,"declarative",246084,251492,0.978496333879408,978.496333879408
"parent","other",28,"imperative",3025,3064,0.987271540469974,987.271540469974
"parent","other",28,"other",11683,12234,0.954961582475069,954.961582475069
"parent","other",28,"question",176425,179171,0.984673859050851,984.673859050851
"parent","other",29,"declarative",246374,251301,0.980394029470635,980.394029470635
"parent","other",29,"imperative",3622,3700,0.978918918918919,978.918918918919
"parent","other",29,"other",13100,13612,0.962386129885395,962.386129885395
"parent","other",29,"question",174640,177350,0.984719481251762,984.719481251762
"parent","other",30,"declarative",266456,271819,0.980269959053635,980.269959053635
"parent","other",30,"imperative",4044,4100,0.986341463414634,986.341463414634
"parent","other",30,"other",13211,13761,0.960031974420464,960.031974420464
"parent","other",30,"question",177631,180280,0.985306190370535,985.306190370535
"parent","other",31,"declarative",263246,268880,0.979046414757513,979.046414757513
"parent","other",31,"imperative",2807,2840,0.988380281690141,988.380281690141
"parent","other",31,"other",15428,16119,0.9571313356908,957.1313356908
"parent","other",31,"question",166048,168798,0.983708337776514,983.708337776514
"parent","other",32,"declarative",223197,227965,0.979084508586844,979.084508586844
"parent","other",32,"imperative",2831,2866,0.987787857641312,987.787857641312
"parent","other",32,"other",10393,10874,0.955766047452639,955.766047452639
"parent","other",32,"question",141747,143991,0.984415692647457,984.415692647457
"parent","other",33,"declarative",246733,252107,0.978683654162717,978.683654162717
"parent","other",33,"imperative",3581,3651,0.980827170638181,980.827170638181
"parent","other",33,"other",12318,12827,0.960318079052,960.318079052
"parent","other",33,"question",160531,163077,0.984387743213329,984.387743213329
"parent","other",34,"declarative",226236,231053,0.979151969461552,979.151969461552
"parent","other",34,"imperative",2739,2768,0.989523121387283,989.523121387283
"parent","other",34,"other",11236,11704,0.960013670539986,960.013670539986
"parent","other",34,"question",146375,148773,0.983881483871401,983.881483871401
"parent","other",35,"declarative",191820,196303,0.977162855381731,977.162855381731
"parent","other",35,"imperative",2219,2253,0.984909010208611,984.909010208611
"parent","other",35,"other",8701,9146,0.951344850207741,951.344850207741
"parent","other",35,"question",119785,121820,0.983295025447381,983.295025447381
"parent","other",36,"declarative",307384,314342,0.977864873290874,977.864873290874
"parent","other",36,"imperative",2533,2564,0.987909516380655,987.909516380655
"parent","other",36,"other",16086,16857,0.954262324256985,954.262324256985
"parent","other",36,"question",202194,205660,0.983146941554021,983.146941554021
"parent","other",37,"declarative",138997,142390,0.976171079429735,976.171079429735
"parent","other",37,"imperative",904,916,0.986899563318777,986.899563318777
"parent","other",37,"other",7239,7560,0.957539682539683,957.539682539683
"parent","other",37,"question",84427,85957,0.982200402526845,982.200402526845
"parent","other",38,"declarative",89727,91738,0.978078876801326,978.078876801326
"parent","other",38,"imperative",874,893,0.978723404255319,978.723404255319
"parent","other",38,"other",4472,4661,0.959450761639133,959.450761639133
"parent","other",38,"question",50715,51511,0.984546989963309,984.546989963309
"parent","other",39,"declarative",92908,94897,0.979040433311907,979.040433311907
"parent","other",39,"imperative",922,932,0.989270386266094,989.270386266094
"parent","other",39,"other",5467,5730,0.954101221640489,954.101221640489
"parent","other",39,"question",55192,56162,0.982728535308572,982.728535308572
"parent","other",40,"declarative",67896,69252,0.980419338069659,980.419338069659
"parent","other",40,"imperative",782,787,0.993646759847522,993.646759847522
"parent","other",40,"other",3778,3927,0.962057550292844,962.057550292844
"parent","other",40,"question",35053,35619,0.984109604424605,984.109604424605
"parent","other",41,"declarative",47060,48075,0.978887155486219,978.887155486219
"parent","other",41,"imperative",448,451,0.993348115299335,993.348115299335
"parent","other",41,"other",6206,6421,0.966516118984582,966.516118984582
"parent","other",41,"question",24119,24550,0.982443991853361,982.443991853361
"parent","other",42,"declarative",48548,49802,0.974820288341834,974.820288341834
"parent","other",42,"imperative",934,952,0.98109243697479,981.09243697479
"parent","other",42,"other",2270,2382,0.952980688497061,952.980688497061
"parent","other",42,"question",26972,27464,0.982085639382464,982.085639382464
"parent","other",43,"declarative",49774,50947,0.976976073174083,976.976073174083
"parent","other",43,"imperative",1490,1502,0.992010652463382,992.010652463382
"parent","other",43,"other",5773,5974,0.966354201540007,966.354201540007
"parent","other",43,"question",27975,28436,0.983788155858771,983.788155858771
"parent","other",44,"declarative",55689,56952,0.977823430257059,977.823430257059
"parent","other",44,"imperative",1648,1683,0.979203802733215,979.203802733215
"parent","other",44,"other",3429,3609,0.950124688279302,950.124688279302
"parent","other",44,"question",30442,30978,0.982697398153528,982.697398153528
"parent","other",45,"declarative",69364,71059,0.976146582417428,976.146582417428
"parent","other",45,"imperative",3386,3434,0.986022131624927,986.022131624927
"parent","other",45,"other",4410,4639,0.950635912912266,950.635912912266
"parent","other",45,"question",37586,38323,0.98076872896172,980.76872896172
"parent","other",46,"declarative",62620,64281,0.974160327312892,974.160327312892
"parent","other",46,"imperative",1805,1841,0.980445410103205,980.445410103205
"parent","other",46,"other",4176,4401,0.948875255623722,948.875255623722
"parent","other",46,"question",31095,31660,0.982154137713203,982.154137713203
"parent","other",47,"declarative",49707,51120,0.972359154929577,972.359154929577
"parent","other",47,"imperative",973,990,0.982828282828283,982.828282828283
"parent","other",47,"other",3387,3609,0.938487115544472,938.487115544472
"parent","other",47,"question",23251,23711,0.98059972164818,980.59972164818
"parent","other",48,"declarative",68934,70712,0.974855752913225,974.855752913226
"parent","other",48,"imperative",2588,2619,0.988163421153112,988.163421153112
"parent","other",48,"other",4111,4372,0.940301921317475,940.301921317475
"parent","other",48,"question",29685,30285,0.980188211986132,980.188211986132
"parent","other",49,"declarative",48094,49330,0.974944252990067,974.944252990067
"parent","other",49,"imperative",584,597,0.97822445561139,978.22445561139
"parent","other",49,"other",3008,3186,0.944130571249215,944.130571249215
"parent","other",49,"question",23726,24139,0.982890757695016,982.890757695016
"parent","other",50,"declarative",49972,51048,0.978921799091052,978.921799091052
"parent","other",50,"imperative",824,839,0.982121573301549,982.121573301549
"parent","other",50,"other",3951,4122,0.958515283842795,958.515283842795
"parent","other",50,"question",25252,25663,0.983984725090597,983.984725090597
"parent","other",51,"declarative",48454,49685,0.975223910637013,975.223910637013
"parent","other",51,"imperative",851,862,0.987238979118329,987.238979118329
"parent","other",51,"other",2597,2711,0.957949096274437,957.949096274437
"parent","other",51,"question",24092,24505,0.983146296674148,983.146296674148
"parent","other",52,"declarative",35859,36670,0.977883828742842,977.883828742842
"parent","other",52,"imperative",703,707,0.994342291371994,994.342291371994
"parent","other",52,"other",2379,2545,0.934774066797642,934.774066797642
"parent","other",52,"question",21882,22265,0.98279811363126,982.79811363126
"parent","other",53,"declarative",39299,40318,0.974725928865519,974.725928865519
"parent","other",53,"imperative",1018,1032,0.986434108527132,986.434108527132
"parent","other",53,"other",2843,2986,0.952109845947756,952.109845947756
"parent","other",53,"question",21640,22077,0.980205643882774,980.205643882774
"parent","other",54,"declarative",43140,44196,0.976106434971491,976.106434971491
"parent","other",54,"imperative",1348,1375,0.980363636363636,980.363636363636
"parent","other",54,"other",1985,2099,0.945688423058599,945.688423058599
"parent","other",54,"question",19221,19595,0.980913498341414,980.913498341414
"parent","other",55,"declarative",36968,37906,0.975254577111803,975.254577111803
"parent","other",55,"imperative",941,958,0.982254697286013,982.254697286013
"parent","other",55,"other",1693,1777,0.952729319077096,952.729319077096
"parent","other",55,"question",16406,16725,0.980926756352765,980.926756352765
"parent","other",56,"declarative",35327,36106,0.978424638564228,978.424638564228
"parent","other",56,"imperative",888,902,0.984478935698448,984.478935698448
"parent","other",56,"other",2014,2098,0.959961868446139,959.961868446139
"parent","other",56,"question",19059,19425,0.981158301158301,981.158301158301
"parent","other",57,"declarative",208919,213524,0.978433337704427,978.433337704427
"parent","other",57,"imperative",5362,5447,0.984395079860474,984.395079860474
"parent","other",57,"other",16123,16744,0.962912087912088,962.912087912088
"parent","other",57,"question",82812,84219,0.983293556085919,983.293556085919
"parent","other",58,"declarative",33951,34841,0.974455383025746,974.455383025746
"parent","other",58,"imperative",541,555,0.974774774774775,974.774774774775
"parent","other",58,"other",1943,2033,0.955730447614363,955.730447614363
"parent","other",58,"question",16425,16759,0.980070409928993,980.070409928993
"parent","other",59,"declarative",46158,47351,0.974805178348926,974.805178348926
"parent","other",59,"imperative",907,926,0.979481641468683,979.481641468683
"parent","other",59,"other",2306,2404,0.959234608985025,959.234608985025
"parent","other",59,"question",20801,21173,0.982430453879941,982.430453879941
"parent","other",60,"declarative",16530,16893,0.978511809625289,978.511809625289
"parent","other",60,"imperative",520,528,0.984848484848485,984.848484848485
"parent","other",60,"other",1134,1190,0.952941176470588,952.941176470588
"parent","other",60,"question",8057,8185,0.984361637141112,984.361637141112
"parent","other",61,"declarative",9031,9240,0.977380952380952,977.380952380952
"parent","other",61,"imperative",411,418,0.983253588516746,983.253588516746
"parent","other",61,"other",546,583,0.936535162950257,936.535162950257
"parent","other",61,"question",4537,4620,0.982034632034632,982.034632034632
"parent","other",62,"declarative",10432,10631,0.981281158874988,981.281158874988
"parent","other",62,"imperative",185,190,0.973684210526316,973.684210526316
"parent","other",62,"other",622,651,0.955453149001536,955.453149001536
"parent","other",62,"question",5060,5138,0.984818995718178,984.818995718178
"parent","other",63,"declarative",10896,11135,0.978536147283341,978.536147283341
"parent","other",63,"imperative",390,397,0.982367758186398,982.367758186398
"parent","other",63,"other",298,309,0.964401294498382,964.401294498382
"parent","other",63,"question",6883,7025,0.979786476868327,979.786476868327
"parent","other",64,"declarative",13665,13973,0.977957489443928,977.957489443928
"parent","other",64,"imperative",539,549,0.981785063752277,981.785063752277
"parent","other",64,"other",458,477,0.960167714884696,960.167714884696
"parent","other",64,"question",4816,4875,0.987897435897436,987.897435897436
"parent","other",65,"declarative",8857,9049,0.978782185876892,978.782185876893
"parent","other",65,"imperative",359,366,0.980874316939891,980.874316939891
"parent","other",65,"other",326,346,0.942196531791908,942.196531791908
"parent","other",65,"question",3921,3998,0.980740370185093,980.740370185093
"parent","other",66,"declarative",15470,15741,0.982783812972492,982.783812972492
"parent","other",66,"imperative",1124,1144,0.982517482517482,982.517482517482
"parent","other",66,"other",819,855,0.957894736842105,957.894736842105
"parent","other",66,"question",7125,7226,0.986022695820648,986.022695820648
"parent","other",67,"declarative",20369,20826,0.978056275809085,978.056275809085
"parent","other",67,"imperative",1019,1042,0.977927063339731,977.927063339731
"parent","other",67,"other",889,922,0.964208242950108,964.208242950108
"parent","other",67,"question",7625,7750,0.983870967741935,983.870967741935
"parent","other",68,"declarative",11173,11446,0.976148872968723,976.148872968723
"parent","other",68,"imperative",772,790,0.977215189873418,977.215189873418
"parent","other",68,"other",349,368,0.948369565217391,948.369565217391
"parent","other",68,"question",4029,4082,0.987016168544831,987.016168544831
"parent","other",69,"declarative",17987,18371,0.979097490610201,979.097490610201
"parent","other",69,"imperative",828,844,0.981042654028436,981.042654028436
"parent","other",69,"other",762,799,0.95369211514393,953.69211514393
"parent","other",69,"question",6604,6690,0.987144992526158,987.144992526158
"parent","other",70,"declarative",10208,10428,0.978902953586498,978.902953586498
"parent","other",70,"imperative",580,595,0.974789915966387,974.789915966387
"parent","other",70,"other",539,560,0.9625,962.5
"parent","other",70,"question",4337,4399,0.98590588770175,985.90588770175
"parent","other",71,"declarative",7561,7737,0.977252164921804,977.252164921804
"parent","other",71,"imperative",349,355,0.983098591549296,983.098591549296
"parent","other",71,"other",521,539,0.966604823747681,966.604823747681
"parent","other",71,"question",3948,4002,0.986506746626687,986.506746626687
